panel,quantity,x,normalized_y,x_variable,kBT_over_t1,g_fixed,central_difference_half_step,M_reference
a,M,0.01,1.0,kBT/t1,0.01,0.8,,0.16258811206509494
a,M,0.010451418781035782,1.0,kBT/t1,0.010451418781035782,0.8,,0.16258811206509494
a,M,0.010923215453658753,1.0,kBT/t1,0.010923215453658753,0.8,,0.16258811206509494
a,M,0.011416309914166938,0.999999999999999,kBT/t1,0.011416309914166938,0.8,,0.16258811206509494
a,M,0.011931663584704934,0.9999999999999949,kBT/t1,0.011931663584704934,0.8,,0.16258811206509494
a,M,0.012470281287818593,0.9999999999999831,kBT/t1,0.012470281287818593,0.8,,0.16258811206509494
a,M,0.013033213205630634,0.9999999999999404,kBT/t1,0.013033213205630634,0.8,,0.16258811206509494
a,M,0.013621556927457158,0.9999999999998032,kBT/t1,0.013621556927457158,0.8,,0.16258811206509494
a,M,0.014236459589857387,0.9999999999993855,kBT/t1,0.014236459589857387,0.8,,0.16258811206509494
a,M,0.014879120113289247,0.9999999999981657,kBT/t1,0.014879120113289247,0.8,,0.16258811206509494
a,M,0.015550791539731849,0.9999999999947636,kBT/t1,0.015550791539731849,0.8,,0.16258811206509494
a,M,0.01625278347583259,0.9999999999856922,kBT/t1,0.01625278347583259,0.8,,0.16258811206509494
a,M,0.016986464646342472,0.9999999999624941,kBT/t1,0.016986464646342472,0.8,,0.16258811206509494
a,M,0.017753265562818407,0.9999999999055271,kBT/t1,0.017753265562818407,0.8,,0.16258811206509494
a,M,0.01855468131279561,0.9999999997709228,kBT/t1,0.01855468131279561,0.8,,0.16258811206509494
a,M,0.019392274474868576,0.9999999994644169,kBT/t1,0.019392274474868576,0.8,,0.16258811206509494
a,M,0.020267678165364227,0.9999999987907232,kBT/t1,0.020267678165364227,0.8,,0.16258811206509494
a,M,0.021182599222547654,0.9999999973592333,kBT/t1,0.021182599222547654,0.8,,0.16258811206509494
a,M,0.02213882153456886,0.999999994414471,kBT/t1,0.02213882153456886,0.8,,0.16258811206509494
a,M,0.02313820951763924,0.9999999885415565,kBT/t1,0.02313820951763924,0.8,,0.16258811206509494
a,M,0.024182711751219565,0.999999977171071,kBT/t1,0.024182711751219565,0.8,,0.16258811206509494
a,M,0.0252743647773071,0.9999999557726674,kBT/t1,0.0252743647773071,0.8,,0.16258811206509494
a,M,0.02641529707122967,0.9999999165811417,kBT/t1,0.02641529707122967,0.8,,0.16258811206509494
a,M,0.027607733191688924,0.9999998466420433,kBT/t1,0.027607733191688924,0.8,,0.16258811206509494
a,M,0.02885399811814427,0.9999997248968827,kBT/t1,0.02885399811814427,0.8,,0.16258811206509494
a,M,0.030156521783994417,0.9999995179528152,kBT/t1,0.030156521783994417,0.8,,0.16258811206509494
a,M,0.031517843814395395,0.9999991741024529,kBT/t1,0.031517843814395395,0.8,,0.16258811206509494
a,M,0.03294061847795247,0.9999986150822813,kBT/t1,0.03294061847795247,0.8,,0.16258811206509494
a,M,0.03442761986194067,0.9999977249909731,kBT/t1,0.03442761986194067,0.8,,0.16258811206509494
a,M,0.03598174728114473,0.9999963357411645,kBT/t1,0.03598174728114473,0.8,,0.16258811206509494
a,M,0.03760603093086394,0.999994208400292,kBT/t1,0.03760603093086394,0.8,,0.16258811206509494
a,M,0.03930363779510439,0.9999910097982141,kBT/t1,0.03930363779510439,0.8,,0.16258811206509494
a,M,0.04107787782147818,0.999986283850658,kBT/t1,0.04107787782147818,0.8,,0.16258811206509494
a,M,0.04293221037484905,0.9999794171757276,kBT/t1,0.04293221037484905,0.8,,0.16258811206509494
a,M,0.044870250982307666,0.9999695987697101,kBT/t1,0.044870250982307666,0.8,,0.16258811206509494
a,M,0.046895778382627956,0.9999557737593336,kBT/t1,0.046895778382627956,0.8,,0.16258811206509494
a,M,0.04901274189394899,0.9999365915566277,kBT/t1,0.04901274189394899,0.8,,0.16258811206509494
a,M,0.05122526911404778,0.9999103491017935,kBT/t1,0.05122526911404778,0.8,,0.16258811206509494
a,M,0.05353767396821712,0.9998749302759403,kBT/t1,0.05353767396821712,0.8,,0.16258811206509494
a,M,0.055954465120439514,0.9998277429820986,kBT/t1,0.055954465120439514,0.8,,0.16258811206509494
a,M,0.058480354764257315,0.9997656558078308,kBT/t1,0.058480354764257315,0.8,,0.16258811206509494
a,M,0.061120267810479426,0.9996849365707047,kBT/t1,0.061120267810479426,0.8,,0.16258811206509494
a,M,0.06387935148963818,0.9995811953806455,kBT/t1,0.06387935148963818,0.8,,0.16258811206509494
a,M,0.06676298538791905,0.999449335101044,kBT/t1,0.06676298538791905,0.8,,0.16258811206509494
a,M,0.06977679193613147,0.9992835122234413,kBT/t1,0.06977679193613147,0.8,,0.16258811206509494
a,M,0.0729266473721711,0.9990771111613886,kBT/t1,0.0729266473721711,0.8,,0.16258811206509494
a,M,0.07621869319834827,0.9988227347949302,kBT/t1,0.07621869319834827,0.8,,0.16258811206509494
a,M,0.07965934815592214,0.9985122137435932,kBT/t1,0.07965934815592214,0.8,,0.16258811206509494
a,M,0.08325532074018732,0.998136636308946,kBT/t1,0.08325532074018732,0.8,,0.16258811206509494
a,M,0.08701362228051517,0.9976864003174578,kBT/t1,0.08701362228051517,0.8,,0.16258811206509494
a,M,0.09094158061085297,0.9971512872354505,kBT/t1,0.09094158061085297,0.8,,0.16258811206509494
a,M,0.09504685435733488,0.9965205579605885,kBT/t1,0.09504685435733488,0.8,,0.16258811206509494
a,M,0.09933744787086225,0.995783068672937,kBT/t1,0.09933744787086225,0.8,,0.16258811206509494
a,M,0.10382172683376927,0.9949274041177175,kBT/t1,0.10382172683376927,0.8,,0.16258811206509494
a,M,0.10850843457100233,0.9939420247620361,kBT/t1,0.10850843457100233,0.8,,0.16258811206509494
a,M,0.11340670909761662,0.9928154234874329,kBT/t1,0.11340670909761662,0.8,,0.16258811206509494
a,M,0.11852610093582917,0.9915362869105809,kBT/t1,0.11852610093582917,0.8,,0.16258811206509494
a,M,0.12387659173636685,0.9900936561110568,kBT/t1,0.12387659173636685,0.8,,0.16258811206509494
a,M,0.12946861374041665,0.9884770815136819,kBT/t1,0.12946861374041665,0.8,,0.16258811206509494
a,M,0.13531307012012578,0.9866767669253048,kBT/t1,0.13531307012012578,0.8,,0.16258811206509494
a,M,0.1414213562373095,0.9846836982403583,kBT/t1,0.1414213562373095,0.8,,0.16258811206509494
a,M,0.14780538186181685,0.9824897530623982,kBT/t1,0.14780538186181685,0.8,,0.16258811206509494
a,M,0.1544775943928758,0.9800877883804348,kBT/t1,0.1544775943928758,0.8,,0.16258811206509494
a,M,0.1614510031286931,0.9774717044188836,kBT/t1,0.1614510031286931,0.8,,0.16258811206509494
a,M,0.168739204631629,0.9746364837767549,kBT/t1,0.168739204631629,0.8,,0.16258811206509494
a,M,0.17635640923840473,0.971578205917789,kBT/t1,0.17635640923840473,0.8,,0.16258811206509494
a,M,0.18431746876702965,0.9682940379138415,kBT/t1,0.18431746876702965,0.8,,0.16258811206509494
a,M,0.192637905474471,0.9647822030397027,kBT/t1,0.192637905474471,0.8,,0.16258811206509494
a,M,0.20133394232152818,0.9610419293489083,kBT/t1,0.20133394232152818,0.8,,0.16258811206509494
a,M,0.21042253460391958,0.957073380725926,kBT/t1,0.21042253460391958,0.8,,0.16258811206509494
a,M,0.21992140301125568,0.9528775731268143,kBT/t1,0.21992140301125568,0.8,,0.16258811206509494
a,M,0.22984906817835768,0.9484562788181755,kBT/t1,0.22984906817835768,0.8,,0.16258811206509494
a,M,0.24022488679628626,0.9438119214414418,kBT/t1,0.24022488679628626,0.8,,0.16258811206509494
a,M,0.2510690893534901,0.9389474647081892,kBT/t1,0.2510690893534901,0.8,,0.16258811206509494
a,M,0.26240281958066175,0.9338662975114452,kBT/t1,0.26240281958066175,0.8,,0.16258811206509494
a,M,0.27424817567620735,0.9285721182489802,kBT/t1,0.27424817567620735,0.8,,0.16258811206509494
a,M,0.2866282533927114,0.9230688212171805,kBT/t1,0.2866282533927114,0.8,,0.16258811206509494
a,M,0.29956719106840674,0.917360388052901,kBT/t1,0.29956719106840674,0.8,,0.16258811206509494
a,M,0.3130902166914482,0.9114507873654527,kBT/t1,0.3130902166914482,0.8,,0.16258811206509494
a,M,0.3272236970887565,0.9053438858864498,kBT/t1,0.3272236970887565,0.8,,0.16258811206509494
a,M,0.3419951893353393,0.8990433746345596,kBT/t1,0.3419951893353393,0.8,,0.16258811206509494
a,M,0.35743349448432554,0.8925527137000047,kBT/t1,0.35743349448432554,0.8,,0.16258811206509494
a,M,0.37356871372247297,0.8858750992503496,kBT/t1,0.37356871372247297,0.8,,0.16258811206509494
a,M,0.39043230706064336,0.8790134561965486,kBT/t1,0.39043230706064336,0.8,,0.16258811206509494
a,M,0.4080571546736739,0.871970459593128,kBT/t1,0.4080571546736739,0.8,,0.16258811206509494
a,M,0.4264776210092459,0.8647485872450064,kBT/t1,0.4264776210092459,0.8,,0.16258811206509494
a,M,0.4457296217907493,0.8573502051349791,kBT/t1,0.4457296217907493,0.8,,0.16258811206509494
a,M,0.4658506940447816,0.8497776861649721,kBT/t1,0.4658506940447816,0.8,,0.16258811206509494
a,M,0.4868800692898184,0.8420335613337758,kBT/t1,0.4868800692898184,0.8,,0.16258811206509494
a,M,0.5088587500287611,0.8341207008874123,kBT/t1,0.5088587500287611,0.8,,0.16258811206509494
a,M,0.5318295896944989,0.8260425212307244,kBT/t1,0.5318295896944989,0.8,,0.16258811206509494
a,M,0.555837376204364,0.8178032115589648,kBT/t1,0.555837376204364,0.8,,0.16258811206509494
a,M,0.5809289192863941,0.8094079723571547,kBT/t1,0.5809289192863941,0.8,,0.16258811206509494
a,M,0.6071531417476643,0.8008632562451277,kBT/t1,0.6071531417476643,0.8,,0.16258811206509494
a,M,0.634561174862642,0.7921770002548632,kBT/t1,0.634561174862642,0.8,,0.16258811206509494
a,M,0.6632064580675547,0.7833588376584313,kBT/t1,0.6632064580675547,0.8,,0.16258811206509494
a,M,0.6931448431551465,0.7744202770590607,kBT/t1,0.6931448431551465,0.8,,0.16258811206509494
a,M,0.72443470317298,0.7653748367332601,kBT/t1,0.72443470317298,0.8,,0.16258811206509494
a,M,0.7571370462376165,0.7562381232505228,kBT/t1,0.7571370462376165,0.8,,0.16258811206509494
a,M,0.7913156344865783,0.7470278452271139,kBT/t1,0.7913156344865783,0.8,,0.16258811206509494
a,M,0.8270371084000274,0.7377637556541223,kBT/t1,0.8270371084000274,0.8,,0.16258811206509494
a,M,0.8643711167345572,0.7284675194658227,kBT/t1,0.8643711167345572,0.8,,0.16258811206509494
a,M,0.9033904523224424,0.7191625066997416,kBT/t1,0.9033904523224424,0.8,,0.16258811206509494
a,M,0.944171194001119,0.7098735155007329,kBT/t1,0.944171194001119,0.8,,0.16258811206509494
a,M,0.9867928549496274,0.700626433053998,kBT/t1,0.9867928549496274,0.8,,0.16258811206509494
a,M,1.0,0.6978541679644866,kBT/t1,1.0,0.8,,0.16258811206509494
a,M,1.031338537721246,0.6914478459998296,kBT/t1,1.031338537721246,0.8,,0.16258811206509494
a,M,1.0778950962745806,0.6823646147088801,kBT/t1,1.0778950962745806,0.8,,0.16258811206509494
a,M,1.126553305319053,0.6734034277540332,kBT/t1,1.126553305319053,0.8,,0.16258811206509494
a,M,1.1774080373049494,0.6645903538529746,kBT/t1,1.1774080373049494,0.8,,0.16258811206509494
a,M,1.2305584474031421,0.6559504084162802,kBT/t1,1.2305584474031421,0.8,,0.16258811206509494
a,M,1.286108166835144,0.6475071506590092,kBT/t1,1.286108166835144,0.8,,0.16258811206509494
a,M,1.344165504930433,0.6392823251493712,kBT/t1,1.344165504930433,0.8,,0.16258811206509494
a,M,1.4048436603050367,0.6312955588779848,kBT/t1,1.4048436603050367,0.8,,0.16258811206509494
a,M,1.468260941573112,0.6235641216845911,kBT/t1,1.468260941573112,0.8,,0.16258811206509494
a,M,1.5345409980218512,0.6161027544420373,kBT/t1,1.5345409980218512,0.8,,0.16258811206509494
a,M,1.603813060699496,0.6089235660259638,kBT/t1,1.603813060699496,0.8,,0.16258811206509494
a,M,1.6762121943865202,0.6020359970143215,kBT/t1,1.6762121943865202,0.8,,0.16258811206509494
a,M,1.7518795609412487,0.5954468454344641,kBT/t1,1.7518795609412487,0.8,,0.16258811206509494
a,M,1.8309626945334079,0.5891603478177628,kBT/t1,1.8309626945334079,0.8,,0.16258811206509494
a,M,1.9136157893022352,0.5831783073831023,kBT/t1,1.9136157893022352,0.8,,0.16258811206509494
a,M,2.0,0.5775002603465627,kBT/t1,2.0,0.8,,0.16258811206509494
a,M,2.0821127603800598,0.5725885343170491,kBT/t1,2.0821127603800598,0.8,,0.16258811206509494
a,M,2.1675967734687362,0.5679239075627195,kBT/t1,2.1675967734687362,0.8,,0.16258811206509494
a,M,2.256590450698951,0.563501972521142,kBT/t1,2.256590450698951,0.8,,0.16258811206509494
a,M,2.349237886176038,0.5593173279002104,kBT/t1,2.349237886176038,0.8,,0.16258811206509494
a,M,2.4456890899877037,0.5553637225779673,kBT/t1,2.4456890899877037,0.8,,0.16258811206509494
a,M,2.546100231092847,0.5516341956905024,kBT/t1,2.546100231092847,0.8,,0.16258811206509494
a,M,2.6506338901825184,0.5481212105529275,kBT/t1,2.6506338901825184,0.8,,0.16258811206509494
a,M,2.75945932292243,0.5448167805963829,kBT/t1,2.75945932292243,0.8,,0.16258811206509494
a,M,2.8727527340032553,0.5417125860064254,kBT/t1,2.8727527340032553,0.8,,0.16258811206509494
a,M,2.990697562442441,0.5388000802013264,kBT/t1,2.990697562442441,0.8,,0.16258811206509494
a,M,3.113484778599474,0.5360705856850239,kBT/t1,3.113484778599474,0.8,,0.16258811206509494
a,M,3.2413131933855244,0.53351537914505,kBT/t1,3.2413131933855244,0.8,,0.16258811206509494
a,M,3.374389780168121,0.5311257659408305,kBT/t1,3.374389780168121,0.8,,0.16258811206509494
a,M,3.5129300098920546,0.5288931443451222,kBT/t1,3.5129300098920546,0.8,,0.16258811206509494
a,M,3.657158199959149,0.5268090600656,kBT/t1,3.657158199959149,0.8,,0.16258811206509494
a,M,3.807307877431757,0.5248652516906155,kBT/t1,3.807307877431757,0.8,,0.16258811206509494
a,M,3.9636221571480905,0.523053687779269,kBT/t1,3.9636221571480905,0.8,,0.16258811206509494
a,M,4.12635413536159,0.52136659635769,kBT/t1,4.12635413536159,0.8,,0.16258811206509494
a,M,4.295767299541697,0.5197964875970729,kBT/t1,4.295767299541697,0.8,,0.16258811206509494
a,M,4.47213595499958,0.5183361704404882,kBT/t1,4.47213595499958,0.8,,0.16258811206509494
a,M,4.655745669029544,0.516978763919876,kBT/t1,4.655745669029544,0.8,,0.16258811206509494
a,M,4.846893733285306,0.5157177038667013,kBT/t1,4.846893733285306,0.8,,0.16258811206509494
a,M,5.045889645139742,0.514546745673265,kBT/t1,5.045889645139742,0.8,,0.16258811206509494
a,M,5.253055608807535,0.513459963709858,kBT/t1,5.253055608807535,0.8,,0.16258811206509494
a,M,5.468727057042106,0.5124517479485966,kBT/t1,5.468727057042106,0.8,,0.16258811206509494
a,M,5.69325319425153,0.5115167982896694,kBT/t1,5.69325319425153,0.8,,0.16258811206509494
a,M,5.926997561912822,0.510650117031726,kBT/t1,5.926997561912822,0.8,,0.16258811206509494
a,M,6.170338627200096,0.5098469998761519,kBT/t1,6.170338627200096,0.8,,0.16258811206509494
a,M,6.423670395779652,0.5091030258059849,kBT/t1,6.423670395779652,0.8,,0.16258811206509494
a,M,6.68740304976422,0.5084140461346658,kBT/t1,6.68740304976422,0.8,,0.16258811206509494
a,M,6.961963611859305,0.507776172977973,kBT/t1,6.961963611859305,0.8,,0.16258811206509494
a,M,7.247796636776954,0.5071857673646006,kBT/t1,7.247796636776954,0.8,,0.16258811206509494
a,M,7.545364931036488,0.5066394271666398,kBT/t1,7.545364931036488,0.8,,0.16258811206509494
a,M,7.855150302317644,0.5061339750009705,kBT/t1,7.855150302317644,0.8,,0.16258811206509494
a,M,8.177654339579425,0.5056664462256468,kBT/t1,8.177654339579425,0.8,,0.16258811206509494
a,M,8.513399225207845,0.5052340771319255,kBT/t1,8.513399225207845,0.8,,0.16258811206509494
a,M,8.862928580507484,0.5048342934121409,kBT/t1,8.862928580507484,0.8,,0.16258811206509494
a,M,9.22680834590588,0.5044646989659548,kBT/t1,9.22680834590588,0.8,,0.16258811206509494
a,M,9.605627697295937,0.5041230650924662,kBT/t1,9.605627697295937,0.8,,0.16258811206509494
a,M,10.0,0.5038073201027262,kBT/t1,10.0,0.8,,0.16258811206509494
a,I,0.01,1.0,kBT/t1,0.01,0.8,,0.16258811206509494
a,I,0.010451418781035782,1.0,kBT/t1,0.010451418781035782,0.8,,0.16258811206509494
a,I,0.010923215453658753,1.0,kBT/t1,0.010923215453658753,0.8,,0.16258811206509494
a,I,0.011416309914166938,0.999999999999999,kBT/t1,0.011416309914166938,0.8,,0.16258811206509494
a,I,0.011931663584704934,0.9999999999999949,kBT/t1,0.011931663584704934,0.8,,0.16258811206509494
a,I,0.012470281287818593,0.9999999999999831,kBT/t1,0.012470281287818593,0.8,,0.16258811206509494
a,I,0.013033213205630634,0.9999999999999404,kBT/t1,0.013033213205630634,0.8,,0.16258811206509494
a,I,0.013621556927457158,0.9999999999998032,kBT/t1,0.013621556927457158,0.8,,0.16258811206509494
a,I,0.014236459589857387,0.9999999999993855,kBT/t1,0.014236459589857387,0.8,,0.16258811206509494
a,I,0.014879120113289247,0.9999999999981657,kBT/t1,0.014879120113289247,0.8,,0.16258811206509494
a,I,0.015550791539731849,0.9999999999947636,kBT/t1,0.015550791539731849,0.8,,0.16258811206509494
a,I,0.01625278347583259,0.9999999999856922,kBT/t1,0.01625278347583259,0.8,,0.16258811206509494
a,I,0.016986464646342472,0.9999999999624941,kBT/t1,0.016986464646342472,0.8,,0.16258811206509494
a,I,0.017753265562818407,0.9999999999055271,kBT/t1,0.017753265562818407,0.8,,0.16258811206509494
a,I,0.01855468131279561,0.9999999997709228,kBT/t1,0.01855468131279561,0.8,,0.16258811206509494
a,I,0.019392274474868576,0.9999999994644169,kBT/t1,0.019392274474868576,0.8,,0.16258811206509494
a,I,0.020267678165364227,0.9999999987907232,kBT/t1,0.020267678165364227,0.8,,0.16258811206509494
a,I,0.021182599222547654,0.999999997359233,kBT/t1,0.021182599222547654,0.8,,0.16258811206509494
a,I,0.02213882153456886,0.9999999944144706,kBT/t1,0.02213882153456886,0.8,,0.16258811206509494
a,I,0.02313820951763924,0.9999999885415545,kBT/t1,0.02313820951763924,0.8,,0.16258811206509494
a,I,0.024182711751219565,0.9999999771710638,kBT/t1,0.024182711751219565,0.8,,0.16258811206509494
a,I,0.0252743647773071,0.9999999557726421,kBT/t1,0.0252743647773071,0.8,,0.16258811206509494
a,I,0.02641529707122967,0.9999999165810558,kBT/t1,0.02641529707122967,0.8,,0.16258811206509494
a,I,0.027607733191688924,0.9999998466417654,kBT/t1,0.027607733191688924,0.8,,0.16258811206509494
a,I,0.02885399811814427,0.9999997248960242,kBT/t1,0.02885399811814427,0.8,,0.16258811206509494
a,I,0.030156521783994417,0.999999517950288,kBT/t1,0.030156521783994417,0.8,,0.16258811206509494
a,I,0.031517843814395395,0.9999991740953333,kBT/t1,0.031517843814395395,0.8,,0.16258811206509494
a,I,0.03294061847795247,0.9999986150630737,kBT/t1,0.03294061847795247,0.8,,0.16258811206509494
a,I,0.03442761986194067,0.9999977249412376,kBT/t1,0.03442761986194067,0.8,,0.16258811206509494
a,I,0.03598174728114473,0.9999963356173396,kBT/t1,0.03598174728114473,0.8,,0.16258811206509494
a,I,0.03760603093086394,0.9999942081033837,kBT/t1,0.03760603093086394,0.8,,0.16258811206509494
a,I,0.03930363779510439,0.9999910091114484,kBT/t1,0.03930363779510439,0.8,,0.16258811206509494
a,I,0.04107787782147818,0.9999862823159168,kBT/t1,0.04107787782147818,0.8,,0.16258811206509494
a,I,0.04293221037484905,0.9999794138572234,kBT/t1,0.04293221037484905,0.8,,0.16258811206509494
a,I,0.044870250982307666,0.9999695918171969,kBT/t1,0.044870250982307666,0.8,,0.16258811206509494
a,I,0.046895778382627956,0.9999557596269091,kBT/t1,0.046895778382627956,0.8,,0.16258811206509494
a,I,0.04901274189394899,0.9999365636489409,kBT/t1,0.04901274189394899,0.8,,0.16258811206509494
a,I,0.05122526911404778,0.9999102954981379,kBT/t1,0.05122526911404778,0.8,,0.16258811206509494
a,I,0.05353767396821712,0.9998748300143143,kBT/t1,0.05353767396821712,0.8,,0.16258811206509494
a,I,0.055954465120439514,0.999827560160516,kBT/t1,0.055954465120439514,0.8,,0.16258811206509494
a,I,0.058480354764257315,0.9997653304716579,kBT/t1,0.058480354764257315,0.8,,0.16258811206509494
a,I,0.061120267810479426,0.9996843709994042,kBT/t1,0.061120267810479426,0.8,,0.16258811206509494
a,I,0.06387935148963818,0.9995802339686123,kBT/t1,0.06387935148963818,0.8,,0.16258811206509494
a,I,0.06676298538791905,0.9994477355574284,kBT/t1,0.06676298538791905,0.8,,0.16258811206509494
a,I,0.06977679193613147,0.9992809053184681,kBT/t1,0.06977679193613147,0.8,,0.16258811206509494
a,I,0.0729266473721711,0.9990729457565164,kBT/t1,0.0729266473721711,0.8,,0.16258811206509494
a,I,0.07621869319834827,0.9988162044583828,kBT/t1,0.07621869319834827,0.8,,0.16258811206509494
a,I,0.07965934815592214,0.9985021609271558,kBT/t1,0.07965934815592214,0.8,,0.16258811206509494
a,I,0.08325532074018732,0.9981214299083503,kBT/t1,0.08325532074018732,0.8,,0.16258811206509494
a,I,0.08701362228051517,0.9976637825182275,kBT/t1,0.08701362228051517,0.8,,0.16258811206509494
a,I,0.09094158061085297,0.9971181859121081,kBT/t1,0.09094158061085297,0.8,,0.16258811206509494
a,I,0.09504685435733488,0.9964728615873006,kBT/t1,0.09504685435733488,0.8,,0.16258811206509494
a,I,0.09933744787086225,0.9957153617321861,kBT/t1,0.09933744787086225,0.8,,0.16258811206509494
a,I,0.10382172683376927,0.994832662345691,kBT/t1,0.10382172683376927,0.8,,0.16258811206509494
a,I,0.10850843457100233,0.9938112711975698,kBT/t1,0.10850843457100233,0.8,,0.16258811206509494
a,I,0.11340670909761662,0.9926373481169162,kBT/t1,0.11340670909761662,0.8,,0.16258811206509494
a,I,0.11852610093582917,0.9912968346175038,kBT/t1,0.11852610093582917,0.8,,0.16258811206509494
a,I,0.12387659173636685,0.9897755895210619,kBT/t1,0.12387659173636685,0.8,,0.16258811206509494
a,I,0.12946861374041665,0.9880595270413485,kBT/t1,0.12946861374041665,0.8,,0.16258811206509494
a,I,0.13531307012012578,0.9861347537503047,kBT/t1,0.13531307012012578,0.8,,0.16258811206509494
a,I,0.1414213562373095,0.9839877009593196,kBT/t1,0.1414213562373095,0.8,,0.16258811206509494
a,I,0.14780538186181685,0.981605249299105,kBT/t1,0.14780538186181685,0.8,,0.16258811206509494
a,I,0.1544775943928758,0.9789748426482364,kBT/t1,0.1544775943928758,0.8,,0.16258811206509494
a,I,0.1614510031286931,0.9760845890131639,kBT/t1,0.1614510031286931,0.8,,0.16258811206509494
a,I,0.168739204631629,0.9729233464688279,kBT/t1,0.168739204631629,0.8,,0.16258811206509494
a,I,0.17635640923840473,0.9694807927959733,kBT/t1,0.17635640923840473,0.8,,0.16258811206509494
a,I,0.18431746876702965,0.9657474779694133,kBT/t1,0.18431746876702965,0.8,,0.16258811206509494
a,I,0.192637905474471,0.9617148591372284,kBT/t1,0.192637905474471,0.8,,0.16258811206509494
a,I,0.20133394232152818,0.957375318169197,kBT/t1,0.20133394232152818,0.8,,0.16258811206509494
a,I,0.21042253460391958,0.9527221622369438,kBT/t1,0.21042253460391958,0.8,,0.16258811206509494
a,I,0.21992140301125568,0.9477496082218442,kBT/t1,0.21992140301125568,0.8,,0.16258811206509494
a,I,0.22984906817835768,0.9424527520398677,kBT/t1,0.22984906817835768,0.8,,0.16258811206509494
a,I,0.24022488679628626,0.9368275242417473,kBT/t1,0.24022488679628626,0.8,,0.16258811206509494
a,I,0.2510690893534901,0.9308706335105988,kBT/t1,0.2510690893534901,0.8,,0.16258811206509494
a,I,0.26240281958066175,0.9245794999545142,kBT/t1,0.26240281958066175,0.8,,0.16258811206509494
a,I,0.27424817567620735,0.917952180391052,kBT/t1,0.27424817567620735,0.8,,0.16258811206509494
a,I,0.2866282533927114,0.9109872881476574,kBT/t1,0.2866282533927114,0.8,,0.16258811206509494
a,I,0.29956719106840674,0.9036839102509319,kBT/t1,0.29956719106840674,0.8,,0.16258811206509494
a,I,0.3130902166914482,0.8960415252300005,kBT/t1,0.3130902166914482,0.8,,0.16258811206509494
a,I,0.3272236970887565,0.8880599250874277,kBT/t1,0.3272236970887565,0.8,,0.16258811206509494
a,I,0.3419951893353393,0.8797391452579469,kBT/t1,0.3419951893353393,0.8,,0.16258811206509494
a,I,0.35743349448432554,0.8710794065396695,kBT/t1,0.35743349448432554,0.8,,0.16258811206509494
a,I,0.37356871372247297,0.8620810730021531,kBT/t1,0.37356871372247297,0.8,,0.16258811206509494
a,I,0.39043230706064336,0.8527446297128233,kBT/t1,0.39043230706064336,0.8,,0.16258811206509494
a,I,0.4080571546736739,0.8430706837485571,kBT/t1,0.4080571546736739,0.8,,0.16258811206509494
a,I,0.4264776210092459,0.8330599913551264,kBT/t1,0.4264776210092459,0.8,,0.16258811206509494
a,I,0.4457296217907493,0.8227135132816555,kBT/t1,0.4457296217907493,0.8,,0.16258811206509494
a,I,0.4658506940447816,0.8120324992634664,kBT/t1,0.4658506940447816,0.8,,0.16258811206509494
a,I,0.4868800692898184,0.8010186013854831,kBT/t1,0.4868800692898184,0.8,,0.16258811206509494
a,I,0.5088587500287611,0.7896740146751752,kBT/t1,0.5088587500287611,0.8,,0.16258811206509494
a,I,0.5318295896944989,0.7780016418093009,kBT/t1,0.5318295896944989,0.8,,0.16258811206509494
a,I,0.555837376204364,0.7660052773440883,kBT/t1,0.555837376204364,0.8,,0.16258811206509494
a,I,0.5809289192863941,0.7536898054744384,kBT/t1,0.5809289192863941,0.8,,0.16258811206509494
a,I,0.6071531417476643,0.7410614040799752,kBT/t1,0.6071531417476643,0.8,,0.16258811206509494
a,I,0.634561174862642,0.7281277468098525,kBT/t1,0.634561174862642,0.8,,0.16258811206509494
a,I,0.6632064580675547,0.7148981942757909,kBT/t1,0.6632064580675547,0.8,,0.16258811206509494
a,I,0.6931448431551465,0.7013839651339111,kBT/t1,0.6931448431551465,0.8,,0.16258811206509494
a,I,0.72443470317298,0.6875982779941457,kBT/t1,0.72443470317298,0.8,,0.16258811206509494
a,I,0.7571370462376165,0.6735564557310694,kBT/t1,0.7571370462376165,0.8,,0.16258811206509494
a,I,0.7913156344865783,0.6592759848830207,kBT/t1,0.7913156344865783,0.8,,0.16258811206509494
a,I,0.8270371084000274,0.644776524385681,kBT/t1,0.8270371084000274,0.8,,0.16258811206509494
a,I,0.8643711167345572,0.6300798598260627,kBT/t1,0.8643711167345572,0.8,,0.16258811206509494
a,I,0.9033904523224424,0.6152098016255538,kBT/t1,0.9033904523224424,0.8,,0.16258811206509494
a,I,0.944171194001119,0.6001920279417242,kBT/t1,0.944171194001119,0.8,,0.16258811206509494
a,I,0.9867928549496274,0.585053875475866,kBT/t1,0.9867928549496274,0.8,,0.16258811206509494
a,I,1.0,0.5804762174280234,kBT/t1,1.0,0.8,,0.16258811206509494
a,I,1.031338537721246,0.5698240836381031,kBT/t1,1.031338537721246,0.8,,0.16258811206509494
a,I,1.0778950962745806,0.5545324995120694,kBT/t1,1.0778950962745806,0.8,,0.16258811206509494
a,I,1.126553305319053,0.5392097526537535,kBT/t1,1.126553305319053,0.8,,0.16258811206509494
a,I,1.1774080373049494,0.5238869098614669,kBT/t1,1.1774080373049494,0.8,,0.16258811206509494
a,I,1.2305584474031421,0.5085951206115119,kBT/t1,1.2305584474031421,0.8,,0.16258811206509494
a,I,1.286108166835144,0.4933652638548694,kBT/t1,1.286108166835144,0.8,,0.16258811206509494
a,I,1.344165504930433,0.47822760634309486,kBT/t1,1.344165504930433,0.8,,0.16258811206509494
a,I,1.4048436603050367,0.4632114816623322,kBT/t1,1.4048436603050367,0.8,,0.16258811206509494
a,I,1.468260941573112,0.4483449977967458,kBT/t1,1.468260941573112,0.8,,0.16258811206509494
a,I,1.5345409980218512,0.43365477942846004,kBT/t1,1.5345409980218512,0.8,,0.16258811206509494
a,I,1.603813060699496,0.41916574942841683,kBT/t1,1.603813060699496,0.8,,0.16258811206509494
a,I,1.6762121943865202,0.40490095221580336,kBT/t1,1.6762121943865202,0.8,,0.16258811206509494
a,I,1.7518795609412487,0.3908814199643508,kBT/t1,1.7518795609412487,0.8,,0.16258811206509494
a,I,1.8309626945334079,0.37712608109451445,kBT/t1,1.8309626945334079,0.8,,0.16258811206509494
a,I,1.9136157893022352,0.3636517091711634,kBT/t1,1.9136157893022352,0.8,,0.16258811206509494
a,I,2.0,0.3504729092634978,kBT/t1,2.0,0.8,,0.16258811206509494
a,I,2.0821127603800598,0.33873114807842,kBT/t1,2.0821127603800598,0.8,,0.16258811206509494
a,I,2.1675967734687362,0.3272531216982636,kBT/t1,2.1675967734687362,0.8,,0.16258811206509494
a,I,2.256590450698951,0.3160453352601615,kBT/t1,2.256590450698951,0.8,,0.16258811206509494
a,I,2.349237886176038,0.30511295035438496,kBT/t1,2.349237886176038,0.8,,0.16258811206509494
a,I,2.4456890899877037,0.2944598526762315,kBT/t1,2.4456890899877037,0.8,,0.16258811206509494
a,I,2.546100231092847,0.2840887269388559,kBT/t1,2.546100231092847,0.8,,0.16258811206509494
a,I,2.6506338901825184,0.2740011369596667,kBT/t1,2.6506338901825184,0.8,,0.16258811206509494
a,I,2.75945932292243,0.2641976090258821,kBT/t1,2.75945932292243,0.8,,0.16258811206509494
a,I,2.8727527340032553,0.2546777168580245,kBT/t1,2.8727527340032553,0.8,,0.16258811206509494
a,I,2.990697562442441,0.24544016671226682,kBT/t1,2.990697562442441,0.8,,0.16258811206509494
a,I,3.113484778599474,0.23648288138458248,kBT/t1,3.113484778599474,0.8,,0.16258811206509494
a,I,3.2413131933855244,0.22780308209418912,kBT/t1,3.2413131933855244,0.8,,0.16258811206509494
a,I,3.374389780168121,0.21939736742562185,kBT/t1,3.374389780168121,0.8,,0.16258811206509494
a,I,3.5129300098920546,0.21126178869409126,kBT/t1,3.5129300098920546,0.8,,0.16258811206509494
a,I,3.657158199959149,0.20339192126533992,kBT/t1,3.657158199959149,0.8,,0.16258811206509494
a,I,3.807307877431757,0.19578293150797907,kBT/t1,3.807307877431757,0.8,,0.16258811206509494
a,I,3.9636221571480905,0.18842963918304836,kBT/t1,3.9636221571480905,0.8,,0.16258811206509494
a,I,4.12635413536159,0.18132657518295697,kBT/t1,4.12635413536159,0.8,,0.16258811206509494
a,I,4.295767299541697,0.1744680346211064,kBT/t1,4.295767299541697,0.8,,0.16258811206509494
a,I,4.47213595499958,0.1678481253458287,kBT/t1,4.47213595499958,0.8,,0.16258811206509494
a,I,4.655745669029544,0.16146081200947132,kBT/t1,4.655745669029544,0.8,,0.16258811206509494
a,I,4.846893733285306,0.15529995586723747,kBT/t1,4.846893733285306,0.8,,0.16258811206509494
a,I,5.045889645139742,0.14935935051255503,kBT/t1,5.045889645139742,0.8,,0.16258811206509494
a,I,5.253055608807535,0.1436327537779231,kBT/t1,5.253055608807535,0.8,,0.16258811206509494
a,I,5.468727057042106,0.13811391604403914,kBT/t1,5.468727057042106,0.8,,0.16258811206509494
a,I,5.69325319425153,0.1327966052068987,kBT/t1,5.69325319425153,0.8,,0.16258811206509494
a,I,5.926997561912822,0.12767462855390685,kBT/t1,5.926997561912822,0.8,,0.16258811206509494
a,I,6.170338627200096,0.12274185179687665,kBT/t1,6.170338627200096,0.8,,0.16258811206509494
a,I,6.423670395779652,0.11799221550323234,kBT/t1,6.423670395779652,0.8,,0.16258811206509494
a,I,6.68740304976422,0.11341974915754796,kBT/t1,6.68740304976422,0.8,,0.16258811206509494
a,I,6.961963611859305,0.10901858307452103,kBT/t1,6.961963611859305,0.8,,0.16258811206509494
a,I,7.247796636776954,0.10478295837219667,kBT/t1,7.247796636776954,0.8,,0.16258811206509494
a,I,7.545364931036488,0.10070723520118205,kBT/t1,7.545364931036488,0.8,,0.16258811206509494
a,I,7.855150302317644,0.09678589941217351,kBT/t1,7.855150302317644,0.8,,0.16258811206509494
a,I,8.177654339579425,0.0930135678306389,kBT/t1,8.177654339579425,0.8,,0.16258811206509494
a,I,8.513399225207845,0.08938499229421458,kBT/t1,8.513399225207845,0.8,,0.16258811206509494
a,I,8.862928580507484,0.08589506259547816,kBT/t1,8.862928580507484,0.8,,0.16258811206509494
a,I,9.22680834590588,0.08253880846038,kBT/t1,9.22680834590588,0.8,,0.16258811206509494
a,I,9.605627697295937,0.07931140068083803,kBT/t1,9.605627697295937,0.8,,0.16258811206509494
a,I,10.0,0.07620815150892658,kBT/t1,10.0,0.8,,0.16258811206509494
a,U,0.01,1.0,kBT/t1,0.01,0.8,,0.16258811206509494
a,U,0.010451418781035782,1.0,kBT/t1,0.010451418781035782,0.8,,0.16258811206509494
a,U,0.010923215453658753,1.0,kBT/t1,0.010923215453658753,0.8,,0.16258811206509494
a,U,0.011416309914166938,0.999999999999999,kBT/t1,0.011416309914166938,0.8,,0.16258811206509494
a,U,0.011931663584704934,0.9999999999999949,kBT/t1,0.011931663584704934,0.8,,0.16258811206509494
a,U,0.012470281287818593,0.9999999999999831,kBT/t1,0.012470281287818593,0.8,,0.16258811206509494
a,U,0.013033213205630634,0.9999999999999404,kBT/t1,0.013033213205630634,0.8,,0.16258811206509494
a,U,0.013621556927457158,0.9999999999998032,kBT/t1,0.013621556927457158,0.8,,0.16258811206509494
a,U,0.014236459589857387,0.9999999999993855,kBT/t1,0.014236459589857387,0.8,,0.16258811206509494
a,U,0.014879120113289247,0.9999999999981657,kBT/t1,0.014879120113289247,0.8,,0.16258811206509494
a,U,0.015550791539731849,0.9999999999947636,kBT/t1,0.015550791539731849,0.8,,0.16258811206509494
a,U,0.01625278347583259,0.9999999999856922,kBT/t1,0.01625278347583259,0.8,,0.16258811206509494
a,U,0.016986464646342472,0.9999999999624941,kBT/t1,0.016986464646342472,0.8,,0.16258811206509494
a,U,0.017753265562818407,0.9999999999055271,kBT/t1,0.017753265562818407,0.8,,0.16258811206509494
a,U,0.01855468131279561,0.9999999997709228,kBT/t1,0.01855468131279561,0.8,,0.16258811206509494
a,U,0.019392274474868576,0.9999999994644169,kBT/t1,0.019392274474868576,0.8,,0.16258811206509494
a,U,0.020267678165364227,0.9999999987907232,kBT/t1,0.020267678165364227,0.8,,0.16258811206509494
a,U,0.021182599222547654,0.999999997359233,kBT/t1,0.021182599222547654,0.8,,0.16258811206509494
a,U,0.02213882153456886,0.9999999944144705,kBT/t1,0.02213882153456886,0.8,,0.16258811206509494
a,U,0.02313820951763924,0.9999999885415531,kBT/t1,0.02313820951763924,0.8,,0.16258811206509494
a,U,0.024182711751219565,0.9999999771710567,kBT/t1,0.024182711751219565,0.8,,0.16258811206509494
a,U,0.0252743647773071,0.999999955772617,kBT/t1,0.0252743647773071,0.8,,0.16258811206509494
a,U,0.02641529707122967,0.9999999165809703,kBT/t1,0.02641529707122967,0.8,,0.16258811206509494
a,U,0.027607733191688924,0.9999998466414873,kBT/t1,0.027607733191688924,0.8,,0.16258811206509494
a,U,0.02885399811814427,0.9999997248951665,kBT/t1,0.02885399811814427,0.8,,0.16258811206509494
a,U,0.030156521783994417,0.999999517947759,kBT/t1,0.030156521783994417,0.8,,0.16258811206509494
a,U,0.031517843814395395,0.9999991740882147,kBT/t1,0.031517843814395395,0.8,,0.16258811206509494
a,U,0.03294061847795247,0.9999986150438671,kBT/t1,0.03294061847795247,0.8,,0.16258811206509494
a,U,0.03442761986194067,0.9999977248915031,kBT/t1,0.03442761986194067,0.8,,0.16258811206509494
a,U,0.03598174728114473,0.9999963354935143,kBT/t1,0.03598174728114473,0.8,,0.16258811206509494
a,U,0.03760603093086394,0.9999942078064756,kBT/t1,0.03760603093086394,0.8,,0.16258811206509494
a,U,0.03930363779510439,0.9999910084246834,kBT/t1,0.03930363779510439,0.8,,0.16258811206509494
a,U,0.04107787782147818,0.9999862807811762,kBT/t1,0.04107787782147818,0.8,,0.16258811206509494
a,U,0.04293221037484905,0.9999794105387186,kBT/t1,0.04293221037484905,0.8,,0.16258811206509494
a,U,0.044870250982307666,0.9999695848646866,kBT/t1,0.044870250982307666,0.8,,0.16258811206509494
a,U,0.046895778382627956,0.9999557454944906,kBT/t1,0.046895778382627956,0.8,,0.16258811206509494
a,U,0.04901274189394899,0.9999365357412767,kBT/t1,0.04901274189394899,0.8,,0.16258811206509494
a,U,0.05122526911404778,0.9999102418945569,kBT/t1,0.05122526911404778,0.8,,0.16258811206509494
a,U,0.05353767396821712,0.9998747297529319,kBT/t1,0.05353767396821712,0.8,,0.16258811206509494
a,U,0.055954465120439514,0.9998273773397147,kBT/t1,0.055954465120439514,0.8,,0.16258811206509494
a,U,0.058480354764257315,0.9997650051378596,kBT/t1,0.058480354764257315,0.8,,0.16258811206509494
a,U,0.061120267810479426,0.999683805435002,kBT/t1,0.061120267810479426,0.8,,0.16258811206509494
a,U,0.06387935148963818,0.9995792725757208,kBT/t1,0.06387935148963818,0.8,,0.16258811206509494
a,U,0.06676298538791905,0.9994461360647312,kBT/t1,0.06676298538791905,0.8,,0.16258811206509494
a,U,0.06977679193613147,0.9992782985434783,kBT/t1,0.06977679193613147,0.8,,0.16258811206509494
a,U,0.0729266473721711,0.9990687806707197,kBT/t1,0.0729266473721711,0.8,,0.16258811206509494
a,U,0.07621869319834827,0.9988096748761885,kBT/t1,0.07621869319834827,0.8,,0.16258811206509494
a,U,0.07965934815592214,0.9984921098310315,kBT/t1,0.07965934815592214,0.8,,0.16258811206509494
a,U,0.08325532074018732,0.9981062272977058,kBT/t1,0.08325532074018732,0.8,,0.16258811206509494
a,U,0.08701362228051517,0.9976411727962573,kBT/t1,0.08701362228051517,0.8,,0.16258811206509494
a,U,0.09094158061085297,0.9970851012644864,kBT/t1,0.09094158061085297,0.8,,0.16258811206509494
a,U,0.09504685435733488,0.9964251986070037,kBT/t1,0.09504685435733488,0.8,,0.16258811206509494
a,U,0.09933744787086225,0.9956477197314859,kBT/t1,0.09933744787086225,0.8,,0.16258811206509494
a,U,0.10382172683376927,0.9947380433656816,kBT/t1,0.10382172683376927,0.8,,0.16258811206509494
a,U,0.10850843457100233,0.9936807436393816,kBT/t1,0.10850843457100233,0.8,,0.16258811206509494
a,U,0.11340670909761662,0.9924596781023198,kBT/t1,0.11340670909761662,0.8,,0.16258811206509494
a,U,0.11852610093582917,0.9910580915301818,kBT/t1,0.11852610093582917,0.8,,0.16258811206509494
a,U,0.12387659173636685,0.9894587345446582,kBT/t1,0.12387659173636685,0.8,,0.16258811206509494
a,U,0.12946861374041665,0.9876439957370783,kBT/t1,0.12946861374041665,0.8,,0.16258811206509494
a,U,0.13531307012012578,0.9855960456385006,kBT/t1,0.13531307012012578,0.8,,0.16258811206509494
a,U,0.1414213562373095,0.9832969905244372,kBT/t1,0.1414213562373095,0.8,,0.16258811206509494
a,U,0.14780538186181685,0.9807290336858514,kBT/t1,0.14780538186181685,0.8,,0.16258811206509494
a,U,0.1544775943928758,0.977874641450553,kBT/t1,0.1544775943928758,0.8,,0.16258811206509494
a,U,0.1614510031286931,0.974716710915413,kBT/t1,0.1614510031286931,0.8,,0.16258811206509494
a,U,0.168739204631629,0.9712387360691944,kBT/t1,0.168739204631629,0.8,,0.16258811206509494
a,U,0.17635640923840473,0.9674249687698168,kBT/t1,0.17635640923840473,0.8,,0.16258811206509494
a,U,0.18431746876702965,0.9632605709116799,kBT/t1,0.18431746876702965,0.8,,0.16258811206509494
a,U,0.192637905474471,0.9587317541008438,kBT/t1,0.192637905474471,0.8,,0.16258811206509494
a,U,0.20133394232152818,0.9538259032685305,kBT/t1,0.20133394232152818,0.8,,0.16258811206509494
a,U,0.21042253460391958,0.9485316809121952,kBT/t1,0.21042253460391958,0.8,,0.16258811206509494
a,U,0.21992140301125568,0.942839109067791,kBT/t1,0.21992140301125568,0.8,,0.16258811206509494
a,U,0.22984906817835768,0.9367396266884782,kBT/t1,0.22984906817835768,0.8,,0.16258811206509494
a,U,0.24022488679628626,0.9302261208267218,kBT/t1,0.24022488679628626,0.8,,0.16258811206509494
a,U,0.2510690893534901,0.9232929308712244,kBT/t1,0.2510690893534901,0.8,,0.16258811206509494
a,U,0.26240281958066175,0.9159358260508357,kBT/t1,0.26240281958066175,0.8,,0.16258811206509494
a,U,0.27424817567620735,0.9081519574478623,kBT/t1,0.27424817567620735,0.8,,0.16258811206509494
a,U,0.2866282533927114,0.8999397868181652,kBT/t1,0.2866282533927114,0.8,,0.16258811206509494
a,U,0.29956719106840674,0.8912989955437141,kBT/t1,0.29956719106840674,0.8,,0.16258811206509494
a,U,0.3130902166914482,0.88223037798903,kBT/t1,0.3130902166914482,0.8,,0.16258811206509494
a,U,0.3272236970887565,0.8727357243401128,kBT/t1,0.3272236970887565,0.8,,0.16258811206509494
a,U,0.3419951893353393,0.8628176986192219,kBT/t1,0.3419951893353393,0.8,,0.16258811206509494
a,U,0.35743349448432554,0.8524797179452457,kBT/t1,0.35743349448432554,0.8,,0.16258811206509494
a,U,0.37356871372247297,0.8417258392118048,kBT/t1,0.37356871372247297,0.8,,0.16258811206509494
a,U,0.39043230706064336,0.8305606591631257,kBT/t1,0.39043230706064336,0.8,,0.16258811206509494
a,U,0.4080571546736739,0.8189892333577574,kBT/t1,0.4080571546736739,0.8,,0.16258811206509494
a,U,0.4264776210092459,0.8070170187374532,kBT/t1,0.4264776210092459,0.8,,0.16258811206509494
a,U,0.4457296217907493,0.7946498434971819,kBT/t1,0.4457296217907493,0.8,,0.16258811206509494
a,U,0.4658506940447816,0.7818939067328043,kBT/t1,0.4658506940447816,0.8,,0.16258811206509494
a,U,0.4868800692898184,0.7687558089898254,kBT/t1,0.4868800692898184,0.8,,0.16258811206509494
a,U,0.5088587500287611,0.7552426134232183,kBT/t1,0.5088587500287611,0.8,,0.16258811206509494
a,U,0.5318295896944989,0.7413619358810604,kBT/t1,0.5318295896944989,0.8,,0.16258811206509494
a,U,0.555837376204364,0.7271220609178125,kBT/t1,0.555837376204364,0.8,,0.16258811206509494
a,U,0.5809289192863941,0.7125320795920456,kBT/t1,0.5809289192863941,0.8,,0.16258811206509494
a,U,0.6071531417476643,0.6976020439603359,kBT/t1,0.6071531417476643,0.8,,0.16258811206509494
a,U,0.634561174862642,0.68234313247873,kBT/t1,0.634561174862642,0.8,,0.16258811206509494
a,U,0.6632064580675547,0.6667678200810694,kBT/t1,0.6632064580675547,0.8,,0.16258811206509494
a,U,0.6931448431551465,0.6508900465157624,kBT/t1,0.6931448431551465,0.8,,0.16258811206509494
a,U,0.72443470317298,0.6347253765680487,kBT/t1,0.72443470317298,0.8,,0.16258811206509494
a,U,0.7571370462376165,0.6182911460386503,kBT/t1,0.7571370462376165,0.8,,0.16258811206509494
a,U,0.7913156344865783,0.6016065877490502,kBT/t1,0.7913156344865783,0.8,,0.16258811206509494
a,U,0.8270371084000274,0.584692932352856,kBT/t1,0.8270371084000274,0.8,,0.16258811206509494
a,U,0.8643711167345572,0.5675734793103417,kBT/t1,0.8643711167345572,0.8,,0.16258811206509494
a,U,0.9033904523224424,0.5502736339965009,kBT/t1,0.9033904523224424,0.8,,0.16258811206509494
a,U,0.944171194001119,0.5328209075418706,kBT/t1,0.944171194001119,0.8,,0.16258811206509494
a,U,0.9867928549496274,0.5152448766450153,kBT/t1,0.9867928549496274,0.8,,0.16258811206509494
a,U,1.0,0.5099329631507078,kBT/t1,1.0,0.8,,0.16258811206509494
a,U,1.031338537721246,0.4975771012549453,kBT/t1,1.031338537721246,0.8,,0.16258811206509494
a,U,1.0778950962745806,0.47985099872190956,kBT/t1,1.0778950962745806,0.8,,0.16258811206509494
a,U,1.126553305319053,0.4621016737839103,kBT/t1,1.126553305319053,0.8,,0.16258811206509494
a,U,1.1774080373049494,0.4443657046226054,kBT/t1,1.1774080373049494,0.8,,0.16258811206509494
a,U,1.2305584474031421,0.42668088620886335,kBT/t1,1.2305584474031421,0.8,,0.16258811206509494
a,U,1.286108166835144,0.4090859332747898,kBT/t1,1.286108166835144,0.8,,0.16258811206509494
a,U,1.344165504930433,0.39162014648677596,kBT/t1,1.344165504930433,0.8,,0.16258811206509494
a,U,1.4048436603050367,0.37432304672183186,kBT/t1,1.4048436603050367,0.8,,0.16258811206509494
a,U,1.468260941573112,0.3572339837125109,kBT/t1,1.468260941573112,0.8,,0.16258811206509494
a,U,1.5345409980218512,0.34039172664825973,kBT/t1,1.5345409980218512,0.8,,0.16258811206509494
a,U,1.603813060699496,0.3238340455111904,kBT/t1,1.603813060699496,0.8,,0.16258811206509494
a,U,1.6762121943865202,0.3075972928828114,kBT/t1,1.6762121943865202,0.8,,0.16258811206509494
a,U,1.7518795609412487,0.29171599658860264,kBT/t1,1.7518795609412487,0.8,,0.16258811206509494
a,U,1.8309626945334079,0.2762224737670845,kBT/t1,1.8309626945334079,0.8,,0.16258811206509494
a,U,1.9136157893022352,0.2611464767015825,kBT/t1,1.9136157893022352,0.8,,0.16258811206509494
a,U,2.0,0.24651488001192415,kBT/t1,2.0,0.8,,0.16258811206509494
a,U,2.0821127603800598,0.23358836045895875,kBT/t1,2.0821127603800598,0.8,,0.16258811206509494
a,U,2.1675967734687362,0.22106618939301106,kBT/t1,2.1675967734687362,0.8,,0.16258811206509494
a,U,2.256590450698951,0.20896150960995793,kBT/t1,2.256590450698951,0.8,,0.16258811206509494
a,U,2.349237886176038,0.19728500437728705,kBT/t1,2.349237886176038,0.8,,0.16258811206509494
a,U,2.4456890899877037,0.18604487758177743,kBT/t1,2.4456890899877037,0.8,,0.16258811206509494
a,U,2.546100231092847,0.17524686991677163,kBT/t1,2.546100231092847,0.8,,0.16258811206509494
a,U,2.6506338901825184,0.16489430933300256,kBT/t1,2.6506338901825184,0.8,,0.16258811206509494
a,U,2.75945932292243,0.15498819308577835,kBT/t1,2.75945932292243,0.8,,0.16258811206509494
a,U,2.8727527340032553,0.14552729797030176,kBT/t1,2.8727527340032553,0.8,,0.16258811206509494
a,U,2.990697562442441,0.13650831477091566,kBT/t1,2.990697562442441,0.8,,0.16258811206509494
a,U,3.113484778599474,0.12792600257191827,kBT/t1,3.113484778599474,0.8,,0.16258811206509494
a,U,3.2413131933855244,0.11977335838799537,kBT/t1,3.2413131933855244,0.8,,0.16258811206509494
a,U,3.374389780168121,0.11204179756125551,kBT/t1,3.374389780168121,0.8,,0.16258811206509494
a,U,3.5129300098920546,0.10472134052059538,kBT/t1,3.5129300098920546,0.8,,0.16258811206509494
a,U,3.657158199959149,0.09780080178242911,kBT/t1,3.657158199959149,0.8,,0.16258811206509494
a,U,3.807307877431757,0.09126797746069149,kBT/t1,3.807307877431757,0.8,,0.16258811206509494
a,U,3.9636221571480905,0.08510982801798632,kBT/t1,3.9636221571480905,0.8,,0.16258811206509494
a,U,4.12635413536159,0.07931265349905581,kBT/t1,4.12635413536159,0.8,,0.16258811206509494
a,U,4.295767299541697,0.07386225901505775,kBT/t1,4.295767299541697,0.8,,0.16258811206509494
a,U,4.47213595499958,0.06874410876874107,kBT/t1,4.47213595499958,0.8,,0.16258811206509494
a,U,4.655745669029544,0.06394346740716317,kBT/t1,4.655745669029544,0.8,,0.16258811206509494
a,U,4.846893733285306,0.059445527945386864,kBT/t1,4.846893733285306,0.8,,0.16258811206509494
a,U,5.045889645139742,0.05523552591144985,kBT/t1,5.045889645139742,0.8,,0.16258811206509494
a,U,5.253055608807535,0.05129883971385872,kBT/t1,5.253055608807535,0.8,,0.16258811206509494
a,U,5.468727057042106,0.047621077525548366,kBT/t1,5.468727057042106,0.8,,0.16258811206509494
a,U,5.69325319425153,0.04418815121331362,kBT/t1,5.69325319425153,0.8,,0.16258811206509494
a,U,5.926997561912822,0.04098633802205946,kBT/t1,5.926997561912822,0.8,,0.16258811206509494
a,U,6.170338627200096,0.03800233085340051,kBT/t1,6.170338627200096,0.8,,0.16258811206509494
a,U,6.423670395779652,0.03522327806376116,kBT/t1,6.423670395779652,0.8,,0.16258811206509494
a,U,6.68740304976422,0.032636813754311496,kBT/t1,6.68740304976422,0.8,,0.16258811206509494
a,U,6.961963611859305,0.030231079540103043,kBT/t1,6.961963611859305,0.8,,0.16258811206509494
a,U,7.247796636776954,0.027994738774697558,kBT/t1,7.247796636776954,0.8,,0.16258811206509494
a,U,7.545364931036488,0.025916984175098703,kBT/t1,7.545364931036488,0.8,,0.16258811206509494
a,U,7.855150302317644,0.023987539745011548,kBT/t1,7.855150302317644,0.8,,0.16258811206509494
a,U,8.177654339579425,0.022196657836855517,kBT/t1,8.177654339579425,0.8,,0.16258811206509494
a,U,8.513399225207845,0.02053511212836935,kBT/t1,8.513399225207845,0.8,,0.16258811206509494
a,U,8.862928580507484,0.018994187221256207,kBT/t1,8.862928580507484,0.8,,0.16258811206509494
a,U,9.22680834590588,0.01756566549968249,kBT/t1,9.22680834590588,0.8,,0.16258811206509494
a,U,9.605627697295937,0.016241811817590157,kBT/t1,9.605627697295937,0.8,,0.16258811206509494
a,U,10.0,0.015015356517222356,kBT/t1,10.0,0.8,,0.16258811206509494
b,M,0.5,0.8613785325822036,g=Delta/Delta_c,1.0,,,0.16258811206509494
b,M,0.506666666667,0.8587380760481034,g=Delta/Delta_c,1.0,,,0.16258811206509494
b,M,0.513333333333,0.8560587499600405,g=Delta/Delta_c,1.0,,,0.16258811206509494
b,M,0.52,0.8533403077781881,g=Delta/Delta_c,1.0,,,0.16258811206509494
b,M,0.526666666667,0.8505824918702429,g=Delta/Delta_c,1.0,,,0.16258811206509494
b,M,0.533333333333,0.8477850329811822,g=Delta/Delta_c,1.0,,,0.16258811206509494
b,M,0.54,0.8449476496725326,g=Delta/Delta_c,1.0,,,0.16258811206509494
b,M,0.546666666667,0.8420700477328111,g=Delta/Delta_c,1.0,,,0.16258811206509494
b,M,0.553333333333,0.8391519195491994,g=Delta/Delta_c,1.0,,,0.16258811206509494
b,M,0.56,0.8361929434414099,g=Delta/Delta_c,1.0,,,0.16258811206509494
b,M,0.566666666667,0.8331927829589512,g=Delta/Delta_c,1.0,,,0.16258811206509494
b,M,0.573333333333,0.830151086130743,g=Delta/Delta_c,1.0,,,0.16258811206509494
b,M,0.58,0.8270674846674301,g=Delta/Delta_c,1.0,,,0.16258811206509494
b,M,0.586666666667,0.823941593116825,g=Delta/Delta_c,1.0,,,0.16258811206509494
b,M,0.593333333333,0.820773007960104,g=Delta/Delta_c,1.0,,,0.16258811206509494
b,M,0.6,0.8175613066481217,g=Delta/Delta_c,1.0,,,0.16258811206509494
b,M,0.606666666667,0.8143060465772106,g=Delta/Delta_c,1.0,,,0.16258811206509494
b,M,0.613333333333,0.811006763990331,g=Delta/Delta_c,1.0,,,0.16258811206509494
b,M,0.62,0.8076629728015146,g=Delta/Delta_c,1.0,,,0.16258811206509494
b,M,0.626666666667,0.8042741633413963,g=Delta/Delta_c,1.0,,,0.16258811206509494
b,M,0.633333333333,0.8008398010073244,g=Delta/Delta_c,1.0,,,0.16258811206509494
b,M,0.64,0.7973593248139677,g=Delta/Delta_c,1.0,,,0.16258811206509494
b,M,0.646666666667,0.7938321458397988,g=Delta/Delta_c,1.0,,,0.16258811206509494
b,M,0.653333333333,0.7902576455497935,g=Delta/Delta_c,1.0,,,0.16258811206509494
b,M,0.66,0.786635173987095,g=Delta/Delta_c,1.0,,,0.16258811206509494
b,M,0.666666666667,0.7829640478256212,g=Delta/Delta_c,1.0,,,0.16258811206509494
b,M,0.673333333333,0.7792435482592764,g=Delta/Delta_c,1.0,,,0.16258811206509494
b,M,0.68,0.7754729187159483,g=Delta/Delta_c,1.0,,,0.16258811206509494
b,M,0.686666666667,0.7716513623829467,g=Delta/Delta_c,1.0,,,0.16258811206509494
b,M,0.693333333333,0.767778039512831,g=Delta/Delta_c,1.0,,,0.16258811206509494
b,M,0.7,0.7638520644907373,g=Delta/Delta_c,1.0,,,0.16258811206509494
b,M,0.706666666667,0.7598725026416581,g=Delta/Delta_c,1.0,,,0.16258811206509494
b,M,0.713333333333,0.7558383667365189,g=Delta/Delta_c,1.0,,,0.16258811206509494
b,M,0.72,0.7517486131670562,g=Delta/Delta_c,1.0,,,0.16258811206509494
b,M,0.726666666667,0.7476021377550388,g=Delta/Delta_c,1.0,,,0.16258811206509494
b,M,0.733333333333,0.7433977711388459,g=Delta/Delta_c,1.0,,,0.16258811206509494
b,M,0.74,0.7391342736896389,g=Delta/Delta_c,1.0,,,0.16258811206509494
b,M,0.746666666667,0.7348103299016107,g=Delta/Delta_c,1.0,,,0.16258811206509494
b,M,0.753333333333,0.7304245421738506,g=Delta/Delta_c,1.0,,,0.16258811206509494
b,M,0.76,0.725975423906423,g=Delta/Delta_c,1.0,,,0.16258811206509494
b,M,0.766666666667,0.7214613918199783,g=Delta/Delta_c,1.0,,,0.16258811206509494
b,M,0.773333333333,0.7168807573734091,g=Delta/Delta_c,1.0,,,0.16258811206509494
b,M,0.78,0.7122317171512936,g=Delta/Delta_c,1.0,,,0.16258811206509494
b,M,0.786666666667,0.7075123420689451,g=Delta/Delta_c,1.0,,,0.16258811206509494
b,M,0.793333333333,0.7027205651939507,g=Delta/Delta_c,1.0,,,0.16258811206509494
b,M,0.8,0.6978541679644866,g=Delta/Delta_c,1.0,,,0.16258811206509494
b,M,0.806666666667,0.6929107645397072,g=Delta/Delta_c,1.0,,,0.16258811206509494
b,M,0.813333333333,0.6878877839411249,g=Delta/Delta_c,1.0,,,0.16258811206509494
b,M,0.82,0.6827824495917675,g=Delta/Delta_c,1.0,,,0.16258811206509494
b,M,0.826666666667,0.6775917557710549,g=Delta/Delta_c,1.0,,,0.16258811206509494
b,M,0.833333333333,0.6723124403685092,g=Delta/Delta_c,1.0,,,0.16258811206509494
b,M,0.84,0.6669409531929236,g=Delta/Delta_c,1.0,,,0.16258811206509494
b,M,0.846666666667,0.6614734189050724,g=Delta/Delta_c,1.0,,,0.16258811206509494
b,M,0.853333333333,0.6559055933724259,g=Delta/Delta_c,1.0,,,0.16258811206509494
b,M,0.86,0.6502328119379859,g=Delta/Delta_c,1.0,,,0.16258811206509494
b,M,0.866666666667,0.6444499276587359,g=Delta/Delta_c,1.0,,,0.16258811206509494
b,M,0.873333333333,0.6385512369540554,g=Delta/Delta_c,1.0,,,0.16258811206509494
b,M,0.88,0.632530389313977,g=Delta/Delta_c,1.0,,,0.16258811206509494
b,M,0.886666666667,0.6263802765866061,g=Delta/Delta_c,1.0,,,0.16258811206509494
b,M,0.893333333333,0.6200928957373318,g=Delta/Delta_c,1.0,,,0.16258811206509494
b,M,0.9,0.6136591766850877,g=Delta/Delta_c,1.0,,,0.16258811206509494
b,M,0.906666666667,0.6070687634216718,g=Delta/Delta_c,1.0,,,0.16258811206509494
b,M,0.913333333333,0.6003097314743082,g=Delta/Delta_c,1.0,,,0.16258811206509494
b,M,0.92,0.5933682168872111,g=Delta/Delta_c,1.0,,,0.16258811206509494
b,M,0.926666666667,0.5862279193186094,g=Delta/Delta_c,1.0,,,0.16258811206509494
b,M,0.933333333333,0.5788694211255094,g=Delta/Delta_c,1.0,,,0.16258811206509494
b,M,0.94,0.571269228933334,g=Delta/Delta_c,1.0,,,0.16258811206509494
b,M,0.941,0.570106650617666,g=Delta/Delta_c,1.0,,,0.16258811206509494
b,M,0.942,0.5689378858580656,g=Delta/Delta_c,1.0,,,0.16258811206509494
b,M,0.943,0.5677628204361144,g=Delta/Delta_c,1.0,,,0.16258811206509494
b,M,0.944,0.5665813359883559,g=Delta/Delta_c,1.0,,,0.16258811206509494
b,M,0.945,0.5653933097811352,g=Delta/Delta_c,1.0,,,0.16258811206509494
b,M,0.946,0.5641986144689181,g=Delta/Delta_c,1.0,,,0.16258811206509494
b,M,0.946666666667,0.5633983807850657,g=Delta/Delta_c,1.0,,,0.16258811206509494
b,M,0.947,0.5629971178345656,g=Delta/Delta_c,1.0,,,0.16258811206509494
b,M,0.948,0.5617886825098525,g=Delta/Delta_c,1.0,,,0.16258811206509494
b,M,0.949,0.5605731656743176,g=Delta/Delta_c,1.0,,,0.16258811206509494
b,M,0.95,0.5593504187303152,g=Delta/Delta_c,1.0,,,0.16258811206509494
b,M,0.951,0.5581202869518654,g=Delta/Delta_c,1.0,,,0.16258811206509494
b,M,0.952,0.556882609104633,g=Delta/Delta_c,1.0,,,0.16258811206509494
b,M,0.953,0.555637217033993,g=Delta/Delta_c,1.0,,,0.16258811206509494
b,M,0.953333333333,0.5552203419565168,g=Delta/Delta_c,1.0,,,0.16258811206509494
b,M,0.954,0.5543839352177864,g=Delta/Delta_c,1.0,,,0.16258811206509494
b,M,0.955,0.5531225802799014,g=Delta/Delta_c,1.0,,,0.16258811206509494
b,M,0.956,0.5518529604603132,g=Delta/Delta_c,1.0,,,0.16258811206509494
b,M,0.957,0.5505748750365979,g=Delta/Delta_c,1.0,,,0.16258811206509494
b,M,0.958,0.5492881136912674,g=Delta/Delta_c,1.0,,,0.16258811206509494
b,M,0.959,0.5479924558184309,g=Delta/Delta_c,1.0,,,0.16258811206509494
b,M,0.96,0.5466876697623707,g=Delta/Delta_c,1.0,,,0.16258811206509494
b,M,0.961,0.545373511979446,g=Delta/Delta_c,1.0,,,0.16258811206509494
b,M,0.962,0.5440497261134977,g=Delta/Delta_c,1.0,,,0.16258811206509494
b,M,0.963,0.5427160419732774,g=Delta/Delta_c,1.0,,,0.16258811206509494
b,M,0.964,0.541372174398637,g=Delta/Delta_c,1.0,,,0.16258811206509494
b,M,0.965,0.5400178219999383,g=Delta/Delta_c,1.0,,,0.16258811206509494
b,M,0.966,0.5386526657525016,g=Delta/Delta_c,1.0,,,0.16258811206509494
b,M,0.966666666667,0.5377363932631478,g=Delta/Delta_c,1.0,,,0.16258811206509494
b,M,0.967,0.5372763674246902,g=Delta/Delta_c,1.0,,,0.16258811206509494
b,M,0.968,0.5358885678142966,g=Delta/Delta_c,1.0,,,0.16258811206509494
b,M,0.969,0.534488884763175,g=Delta/Delta_c,1.0,,,0.16258811206509494
b,M,0.97,0.5330769109141847,g=Delta/Delta_c,1.0,,,0.16258811206509494
b,M,0.971,0.5316522111673204,g=Delta/Delta_c,1.0,,,0.16258811206509494
b,M,0.972,0.5302143197829535,g=Delta/Delta_c,1.0,,,0.16258811206509494
b,M,0.973,0.5287627370688893,g=Delta/Delta_c,1.0,,,0.16258811206509494
b,M,0.973333333333,0.528275741922787,g=Delta/Delta_c,1.0,,,0.16258811206509494
b,M,0.974,0.5272969255738711,g=Delta/Delta_c,1.0,,,0.16258811206509494
b,M,0.975,0.5258163056921925,g=Delta/Delta_c,1.0,,,0.16258811206509494
b,M,0.976,0.5243202505611553,g=Delta/Delta_c,1.0,,,0.16258811206509494
b,M,0.977,0.5228080801034171,g=Delta/Delta_c,1.0,,,0.16258811206509494
b,M,0.978,0.5212790540275458,g=Delta/Delta_c,1.0,,,0.16258811206509494
b,M,0.979,0.5197323635489444,g=Delta/Delta_c,1.0,,,0.16258811206509494
b,M,0.98,0.518167121525152,g=Delta/Delta_c,1.0,,,0.16258811206509494
b,M,0.981,0.5165823506072462,g=Delta/Delta_c,1.0,,,0.16258811206509494
b,M,0.982,0.5149769688828663,g=Delta/Delta_c,1.0,,,0.16258811206509494
b,M,0.983,0.513349772310598,g=Delta/Delta_c,1.0,,,0.16258811206509494
b,M,0.984,0.5116994129972158,g=Delta/Delta_c,1.0,,,0.16258811206509494
b,M,0.985,0.5100243720115948,g=Delta/Delta_c,1.0,,,0.16258811206509494
b,M,0.986,0.5083229249037017,g=Delta/Delta_c,1.0,,,0.16258811206509494
b,M,0.986666666667,0.5071729936923757,g=Delta/Delta_c,1.0,,,0.16258811206509494
b,M,0.987,0.5065930973071021,g=Delta/Delta_c,1.0,,,0.16258811206509494
b,M,0.988,0.5048326067850955,g=Delta/Delta_c,1.0,,,0.16258811206509494
b,M,0.989,0.5030387851455401,g=Delta/Delta_c,1.0,,,0.16258811206509494
b,M,0.99,0.5012084722714496,g=Delta/Delta_c,1.0,,,0.16258811206509494
b,M,0.991,0.4993378670869966,g=Delta/Delta_c,1.0,,,0.16258811206509494
b,M,0.992,0.4974223115742266,g=Delta/Delta_c,1.0,,,0.16258811206509494
b,M,0.993,0.4954559654234276,g=Delta/Delta_c,1.0,,,0.16258811206509494
b,M,0.993333333333,0.49478799000413176,g=Delta/Delta_c,1.0,,,0.16258811206509494
b,M,0.994,0.49343129186592627,g=Delta/Delta_c,1.0,,,0.16258811206509494
b,M,0.995,0.4913381938640304,g=Delta/Delta_c,1.0,,,0.16258811206509494
b,M,0.996,0.48916244044439655,g=Delta/Delta_c,1.0,,,0.16258811206509494
b,M,0.997,0.4868824558225156,g=Delta/Delta_c,1.0,,,0.16258811206509494
b,M,0.998,0.4844614975558724,g=Delta/Delta_c,1.0,,,0.16258811206509494
b,M,0.999,0.4818183748596507,g=Delta/Delta_c,1.0,,,0.16258811206509494
b,M,1.0,0.4785994872723264,g=Delta/Delta_c,1.0,,,0.16258811206509494
b,M,1.001,0.4753858646355445,g=Delta/Delta_c,1.0,,,0.16258811206509494
b,M,1.002,0.47275605413319916,g=Delta/Delta_c,1.0,,,0.16258811206509494
b,M,1.003,0.4703552208006182,g=Delta/Delta_c,1.0,,,0.16258811206509494
b,M,1.004,0.46810143745550425,g=Delta/Delta_c,1.0,,,0.16258811206509494
b,M,1.005,0.46595746638763724,g=Delta/Delta_c,1.0,,,0.16258811206509494
b,M,1.006,0.4639013515944614,g=Delta/Delta_c,1.0,,,0.16258811206509494
b,M,1.006666666667,0.4625720434006259,g=Delta/Delta_c,1.0,,,0.16258811206509494
b,M,1.007,0.46191855284386224,g=Delta/Delta_c,1.0,,,0.16258811206509494
b,M,1.008,0.45999871250135976,g=Delta/Delta_c,1.0,,,0.16258811206509494
b,M,1.009,0.458134068717196,g=Delta/Delta_c,1.0,,,0.16258811206509494
b,M,1.01,0.4563185831901885,g=Delta/Delta_c,1.0,,,0.16258811206509494
b,M,1.011,0.45454742126972064,g=Delta/Delta_c,1.0,,,0.16258811206509494
b,M,1.012,0.4528166225288149,g=Delta/Delta_c,1.0,,,0.16258811206509494
b,M,1.013,0.4511228817752557,g=Delta/Delta_c,1.0,,,0.16258811206509494
b,M,1.013333333333,0.4505660401953316,g=Delta/Delta_c,1.0,,,0.16258811206509494
b,M,1.014,0.449463397737511,g=Delta/Delta_c,1.0,,,0.16258811206509494
b,M,1.015,0.4478357651240931,g=Delta/Delta_c,1.0,,,0.16258811206509494
b,M,1.016,0.44623789553472915,g=Delta/Delta_c,1.0,,,0.16258811206509494
b,M,1.017,0.4446679581750451,g=Delta/Delta_c,1.0,,,0.16258811206509494
b,M,1.018,0.4431243345335395,g=Delta/Delta_c,1.0,,,0.16258811206509494
b,M,1.019,0.4416055831337167,g=Delta/Delta_c,1.0,,,0.16258811206509494
b,M,1.02,0.4401104117054069,g=Delta/Delta_c,1.0,,,0.16258811206509494
b,M,1.021,0.4386376549181186,g=Delta/Delta_c,1.0,,,0.16258811206509494
b,M,1.022,0.43718625635095754,g=Delta/Delta_c,1.0,,,0.16258811206509494
b,M,1.023,0.43575525373578716,g=Delta/Delta_c,1.0,,,0.16258811206509494
b,M,1.024,0.43434376676189695,g=Delta/Delta_c,1.0,,,0.16258811206509494
b,M,1.025,0.4329509869086374,g=Delta/Delta_c,1.0,,,0.16258811206509494
b,M,1.026,0.43157616890055805,g=Delta/Delta_c,1.0,,,0.16258811206509494
b,M,1.026666666667,0.430669259874135,g=Delta/Delta_c,1.0,,,0.16258811206509494
b,M,1.027,0.4302186234732582,g=Delta/Delta_c,1.0,,,0.16258811206509494
b,M,1.028,0.4288777112074399,g=Delta/Delta_c,1.0,,,0.16258811206509494
b,M,1.029,0.4275528372406407,g=Delta/Delta_c,1.0,,,0.16258811206509494
b,M,1.03,0.4262434467055182,g=Delta/Delta_c,1.0,,,0.16258811206509494
b,M,1.031,0.4249490207737985,g=Delta/Delta_c,1.0,,,0.16258811206509494
b,M,1.032,0.423669073208372,g=Delta/Delta_c,1.0,,,0.16258811206509494
b,M,1.033,0.4224031473442962,g=Delta/Delta_c,1.0,,,0.16258811206509494
b,M,1.033333333333,0.42198421298406985,g=Delta/Delta_c,1.0,,,0.16258811206509494
b,M,1.034,0.4211508134338638,g=Delta/Delta_c,1.0,,,0.16258811206509494
b,M,1.035,0.41991166630232407,g=Delta/Delta_c,1.0,,,0.16258811206509494
b,M,1.036,0.41868532326999536,g=Delta/Delta_c,1.0,,,0.16258811206509494
b,M,1.037,0.41747142230386586,g=Delta/Delta_c,1.0,,,0.16258811206509494
b,M,1.038,0.41626962036776727,g=Delta/Delta_c,1.0,,,0.16258811206509494
b,M,1.039,0.41507959194507255,g=Delta/Delta_c,1.0,,,0.16258811206509494
b,M,1.04,0.4139010277118753,g=Delta/Delta_c,1.0,,,0.16258811206509494
b,M,1.041,0.412733633341895,g=Delta/Delta_c,1.0,,,0.16258811206509494
b,M,1.042,0.41157712842711464,g=Delta/Delta_c,1.0,,,0.16258811206509494
b,M,1.043,0.41043124550042714,g=Delta/Delta_c,1.0,,,0.16258811206509494
b,M,1.044,0.4092957291484546,g=Delta/Delta_c,1.0,,,0.16258811206509494
b,M,1.045,0.40817033520436685,g=Delta/Delta_c,1.0,,,0.16258811206509494
b,M,1.046,0.40705483001182574,g=Delta/Delta_c,1.0,,,0.16258811206509494
b,M,1.046666666667,0.4063165427204061,g=Delta/Delta_c,1.0,,,0.16258811206509494
b,M,1.047,0.4059489897523631,g=Delta/Delta_c,1.0,,,0.16258811206509494
b,M,1.048,0.4048525998294895,g=Delta/Delta_c,1.0,,,0.16258811206509494
b,M,1.049,0.4037654543036334,g=Delta/Delta_c,1.0,,,0.16258811206509494
b,M,1.05,0.40268735537275885,g=Delta/Delta_c,1.0,,,0.16258811206509494
b,M,1.051,0.4016181128941268,g=Delta/Delta_c,1.0,,,0.16258811206509494
b,M,1.052,0.40055754394316445,g=Delta/Delta_c,1.0,,,0.16258811206509494
b,M,1.053,0.3995054724059191,g=Delta/Delta_c,1.0,,,0.16258811206509494
b,M,1.053333333333,0.3991566407020487,g=Delta/Delta_c,1.0,,,0.16258811206509494
b,M,1.054,0.39846172860193,g=Delta/Delta_c,1.0,,,0.16258811206509494
b,M,1.055,0.3974261489347265,g=Delta/Delta_c,1.0,,,0.16258811206509494
b,M,1.056,0.3963985755674504,g=Delta/Delta_c,1.0,,,0.16258811206509494
b,M,1.057,0.39537885612137386,g=Delta/Delta_c,1.0,,,0.16258811206509494
b,M,1.058,0.3943668433953279,g=Delta/Delta_c,1.0,,,0.16258811206509494
b,M,1.059,0.39336239510423354,g=Delta/Delta_c,1.0,,,0.16258811206509494
b,M,1.06,0.39236537363513624,g=Delta/Delta_c,1.0,,,0.16258811206509494
b,M,1.066666666667,0.3858989526936388,g=Delta/Delta_c,1.0,,,0.16258811206509494
b,M,1.073333333333,0.37972214594376397,g=Delta/Delta_c,1.0,,,0.16258811206509494
b,M,1.08,0.3738059827853186,g=Delta/Delta_c,1.0,,,0.16258811206509494
b,M,1.086666666667,0.3681262191323102,g=Delta/Delta_c,1.0,,,0.16258811206509494
b,M,1.093333333333,0.362662270688166,g=Delta/Delta_c,1.0,,,0.16258811206509494
b,M,1.1,0.3573964475148543,g=Delta/Delta_c,1.0,,,0.16258811206509494
b,M,1.106666666667,0.35231338990537775,g=Delta/Delta_c,1.0,,,0.16258811206509494
b,M,1.113333333333,0.34739964303349663,g=Delta/Delta_c,1.0,,,0.16258811206509494
b,M,1.12,0.34264332989850477,g=Delta/Delta_c,1.0,,,0.16258811206509494
b,M,1.126666666667,0.33803389553309,g=Delta/Delta_c,1.0,,,0.16258811206509494
b,M,1.133333333333,0.33356190392175705,g=Delta/Delta_c,1.0,,,0.16258811206509494
b,M,1.14,0.32921887462665217,g=Delta/Delta_c,1.0,,,0.16258811206509494
b,M,1.146666666667,0.3249971498067721,g=Delta/Delta_c,1.0,,,0.16258811206509494
b,M,1.153333333333,0.32088978481959585,g=Delta/Delta_c,1.0,,,0.16258811206509494
b,M,1.16,0.31689045736961446,g=Delta/Delta_c,1.0,,,0.16258811206509494
b,M,1.166666666667,0.3129933914141898,g=Delta/Delta_c,1.0,,,0.16258811206509494
b,M,1.173333333333,0.3091932929211555,g=Delta/Delta_c,1.0,,,0.16258811206509494
b,M,1.18,0.305485295249155,g=Delta/Delta_c,1.0,,,0.16258811206509494
b,M,1.186666666667,0.30186491241053165,g=Delta/Delta_c,1.0,,,0.16258811206509494
b,M,1.193333333333,0.2983279988300691,g=Delta/Delta_c,1.0,,,0.16258811206509494
b,M,1.2,0.29487071450900004,g=Delta/Delta_c,1.0,,,0.16258811206509494
b,M,1.206666666667,0.29148949471841146,g=Delta/Delta_c,1.0,,,0.16258811206509494
b,M,1.213333333333,0.2881810234996909,g=Delta/Delta_c,1.0,,,0.16258811206509494
b,M,1.22,0.28494221039549117,g=Delta/Delta_c,1.0,,,0.16258811206509494
b,M,1.226666666667,0.2817701699377138,g=Delta/Delta_c,1.0,,,0.16258811206509494
b,M,1.233333333333,0.2786622034885656,g=Delta/Delta_c,1.0,,,0.16258811206509494
b,M,1.24,0.27561578311075785,g=Delta/Delta_c,1.0,,,0.16258811206509494
b,M,1.246666666667,0.27262853719588775,g=Delta/Delta_c,1.0,,,0.16258811206509494
b,M,1.253333333333,0.26969823761134964,g=Delta/Delta_c,1.0,,,0.16258811206509494
b,M,1.26,0.2668227881746575,g=Delta/Delta_c,1.0,,,0.16258811206509494
b,M,1.266666666667,0.2640002142928814,g=Delta/Delta_c,1.0,,,0.16258811206509494
b,M,1.273333333333,0.26122865361758996,g=Delta/Delta_c,1.0,,,0.16258811206509494
b,M,1.28,0.2585063475980356,g=Delta/Delta_c,1.0,,,0.16258811206509494
b,M,1.286666666667,0.25583163383170754,g=Delta/Delta_c,1.0,,,0.16258811206509494
b,M,1.293333333333,0.25320293911458236,g=Delta/Delta_c,1.0,,,0.16258811206509494
b,M,1.3,0.2506187731168195,g=Delta/Delta_c,1.0,,,0.16258811206509494
b,M,1.306666666667,0.248077722619322,g=Delta/Delta_c,1.0,,,0.16258811206509494
b,M,1.313333333333,0.24557844624476394,g=Delta/Delta_c,1.0,,,0.16258811206509494
b,M,1.32,0.2431196696348932,g=Delta/Delta_c,1.0,,,0.16258811206509494
b,M,1.326666666667,0.24070018103177973,g=Delta/Delta_c,1.0,,,0.16258811206509494
b,M,1.333333333333,0.2383188272161717,g=Delta/Delta_c,1.0,,,0.16258811206509494
b,M,1.34,0.23597450977108567,g=Delta/Delta_c,1.0,,,0.16258811206509494
b,M,1.346666666667,0.2336661816423918,g=Delta/Delta_c,1.0,,,0.16258811206509494
b,M,1.353333333333,0.23139284396219553,g=Delta/Delta_c,1.0,,,0.16258811206509494
b,M,1.36,0.2291535431136557,g=Delta/Delta_c,1.0,,,0.16258811206509494
b,M,1.366666666667,0.22694736801817855,g=Delta/Delta_c,1.0,,,0.16258811206509494
b,M,1.373333333333,0.22477344761918835,g=Delta/Delta_c,1.0,,,0.16258811206509494
b,M,1.38,0.2226309485480737,g=Delta/Delta_c,1.0,,,0.16258811206509494
b,M,1.386666666667,0.22051907295934997,g=Delta/Delta_c,1.0,,,0.16258811206509494
b,M,1.393333333333,0.21843705651499837,g=Delta/Delta_c,1.0,,,0.16258811206509494
b,M,1.4,0.21638416650825146,g=Delta/Delta_c,1.0,,,0.16258811206509494
b,M,1.406666666667,0.21435970011804284,g=Delta/Delta_c,1.0,,,0.16258811206509494
b,M,1.413333333333,0.21236298277808874,g=Delta/Delta_c,1.0,,,0.16258811206509494
b,M,1.42,0.21039336665411001,g=Delta/Delta_c,1.0,,,0.16258811206509494
b,M,1.426666666667,0.2084502292232693,g=Delta/Delta_c,1.0,,,0.16258811206509494
b,M,1.433333333333,0.20653297194269593,g=Delta/Delta_c,1.0,,,0.16258811206509494
b,M,1.44,0.20464101900284104,g=Delta/Delta_c,1.0,,,0.16258811206509494
b,M,1.446666666667,0.20277381616177112,g=Delta/Delta_c,1.0,,,0.16258811206509494
b,M,1.453333333333,0.20093082964936687,g=Delta/Delta_c,1.0,,,0.16258811206509494
b,M,1.46,0.1991115451387859,g=Delta/Delta_c,1.0,,,0.16258811206509494
b,M,1.466666666667,0.19731546678270595,g=Delta/Delta_c,1.0,,,0.16258811206509494
b,M,1.473333333333,0.19554211630492058,g=Delta/Delta_c,1.0,,,0.16258811206509494
b,M,1.48,0.19379103214576351,g=Delta/Delta_c,1.0,,,0.16258811206509494
b,M,1.486666666667,0.19206176865992353,g=Delta/Delta_c,1.0,,,0.16258811206509494
b,M,1.493333333333,0.19035389535841737,g=Delta/Delta_c,1.0,,,0.16258811206509494
b,M,1.5,0.18866699619402236,g=Delta/Delta_c,1.0,,,0.16258811206509494
b,I,0.5,0.7438398980097665,g=Delta/Delta_c,1.0,,,0.16258811206509494
b,I,0.506666666667,0.7409831594949138,g=Delta/Delta_c,1.0,,,0.16258811206509494
b,I,0.513333333333,0.7380902043193367,g=Delta/Delta_c,1.0,,,0.16258811206509494
b,I,0.52,0.735161097118784,g=Delta/Delta_c,1.0,,,0.16258811206509494
b,I,0.526666666667,0.7321959033965264,g=Delta/Delta_c,1.0,,,0.16258811206509494
b,I,0.533333333333,0.729194689521114,g=Delta/Delta_c,1.0,,,0.16258811206509494
b,I,0.54,0.7261575227239099,g=Delta/Delta_c,1.0,,,0.16258811206509494
b,I,0.546666666667,0.7230844711005938,g=Delta/Delta_c,1.0,,,0.16258811206509494
b,I,0.553333333333,0.7199756036085205,g=Delta/Delta_c,1.0,,,0.16258811206509494
b,I,0.56,0.7168309900638503,g=Delta/Delta_c,1.0,,,0.16258811206509494
b,I,0.566666666667,0.7136507011427847,g=Delta/Delta_c,1.0,,,0.16258811206509494
b,I,0.573333333333,0.710434808378512,g=Delta/Delta_c,1.0,,,0.16258811206509494
b,I,0.58,0.7071833841579152,g=Delta/Delta_c,1.0,,,0.16258811206509494
b,I,0.586666666667,0.7038965017225203,g=Delta/Delta_c,1.0,,,0.16258811206509494
b,I,0.593333333333,0.7005742351650058,g=Delta/Delta_c,1.0,,,0.16258811206509494
b,I,0.6,0.6972166594254654,g=Delta/Delta_c,1.0,,,0.16258811206509494
b,I,0.606666666667,0.6938238502920534,g=Delta/Delta_c,1.0,,,0.16258811206509494
b,I,0.613333333333,0.6903958843970432,g=Delta/Delta_c,1.0,,,0.16258811206509494
b,I,0.62,0.6869328392126178,g=Delta/Delta_c,1.0,,,0.16258811206509494
b,I,0.626666666667,0.6834347930512139,g=Delta/Delta_c,1.0,,,0.16258811206509494
b,I,0.633333333333,0.679901825061083,g=Delta/Delta_c,1.0,,,0.16258811206509494
b,I,0.64,0.676334015221633,g=Delta/Delta_c,1.0,,,0.16258811206509494
b,I,0.646666666667,0.6727314443434075,g=Delta/Delta_c,1.0,,,0.16258811206509494
b,I,0.653333333333,0.6690941940631846,g=Delta/Delta_c,1.0,,,0.16258811206509494
b,I,0.66,0.6654223468388141,g=Delta/Delta_c,1.0,,,0.16258811206509494
b,I,0.666666666667,0.6617159859488575,g=Delta/Delta_c,1.0,,,0.16258811206509494
b,I,0.673333333333,0.6579751954871745,g=Delta/Delta_c,1.0,,,0.16258811206509494
b,I,0.68,0.6542000603572784,g=Delta/Delta_c,1.0,,,0.16258811206509494
b,I,0.686666666667,0.6503906662715947,g=Delta/Delta_c,1.0,,,0.16258811206509494
b,I,0.693333333333,0.6465470997455578,g=Delta/Delta_c,1.0,,,0.16258811206509494
b,I,0.7,0.6426694480914401,g=Delta/Delta_c,1.0,,,0.16258811206509494
b,I,0.706666666667,0.6387577994172575,g=Delta/Delta_c,1.0,,,0.16258811206509494
b,I,0.713333333333,0.6348122426203388,g=Delta/Delta_c,1.0,,,0.16258811206509494
b,I,0.72,0.6308328673806437,g=Delta/Delta_c,1.0,,,0.16258811206509494
b,I,0.726666666667,0.6268197641592939,g=Delta/Delta_c,1.0,,,0.16258811206509494
b,I,0.733333333333,0.6227730241916135,g=Delta/Delta_c,1.0,,,0.16258811206509494
b,I,0.74,0.6186927394799484,g=Delta/Delta_c,1.0,,,0.16258811206509494
b,I,0.746666666667,0.6145790027917915,g=Delta/Delta_c,1.0,,,0.16258811206509494
b,I,0.753333333333,0.6104319076523251,g=Delta/Delta_c,1.0,,,0.16258811206509494
b,I,0.76,0.6062515483367001,g=Delta/Delta_c,1.0,,,0.16258811206509494
b,I,0.766666666667,0.6020380198677964,g=Delta/Delta_c,1.0,,,0.16258811206509494
b,I,0.773333333333,0.5977914180082338,g=Delta/Delta_c,1.0,,,0.16258811206509494
b,I,0.78,0.5935118392521447,g=Delta/Delta_c,1.0,,,0.16258811206509494
b,I,0.786666666667,0.5891993808225418,g=Delta/Delta_c,1.0,,,0.16258811206509494
b,I,0.793333333333,0.584854140662822,g=Delta/Delta_c,1.0,,,0.16258811206509494
b,I,0.8,0.5804762174280234,g=Delta/Delta_c,1.0,,,0.16258811206509494
b,I,0.806666666667,0.576065710481815,g=Delta/Delta_c,1.0,,,0.16258811206509494
b,I,0.813333333333,0.5716227198874928,g=Delta/Delta_c,1.0,,,0.16258811206509494
b,I,0.82,0.5671473463987321,g=Delta/Delta_c,1.0,,,0.16258811206509494
b,I,0.826666666667,0.5626396914562095,g=Delta/Delta_c,1.0,,,0.16258811206509494
b,I,0.833333333333,0.5580998571780947,g=Delta/Delta_c,1.0,,,0.16258811206509494
b,I,0.84,0.5535279463503093,g=Delta/Delta_c,1.0,,,0.16258811206509494
b,I,0.846666666667,0.5489240624227932,g=Delta/Delta_c,1.0,,,0.16258811206509494
b,I,0.853333333333,0.5442883094995046,g=Delta/Delta_c,1.0,,,0.16258811206509494
b,I,0.86,0.5396207923282001,g=Delta/Delta_c,1.0,,,0.16258811206509494
b,I,0.866666666667,0.5349216162963455,g=Delta/Delta_c,1.0,,,0.16258811206509494
b,I,0.873333333333,0.5301908874206577,g=Delta/Delta_c,1.0,,,0.16258811206509494
b,I,0.88,0.5254287123364074,g=Delta/Delta_c,1.0,,,0.16258811206509494
b,I,0.886666666667,0.520635198293002,g=Delta/Delta_c,1.0,,,0.16258811206509494
b,I,0.893333333333,0.5158104531430688,g=Delta/Delta_c,1.0,,,0.16258811206509494
b,I,0.9,0.5109545853313159,g=Delta/Delta_c,1.0,,,0.16258811206509494
b,I,0.906666666667,0.5060677038897952,g=Delta/Delta_c,1.0,,,0.16258811206509494
b,I,0.913333333333,0.5011499184265542,g=Delta/Delta_c,1.0,,,0.16258811206509494
b,I,0.92,0.49620133911406916,g=Delta/Delta_c,1.0,,,0.16258811206509494
b,I,0.926666666667,0.49122207668421314,g=Delta/Delta_c,1.0,,,0.16258811206509494
b,I,0.933333333333,0.486212242416494,g=Delta/Delta_c,1.0,,,0.16258811206509494
b,I,0.94,0.4811719481260875,g=Delta/Delta_c,1.0,,,0.16258811206509494
b,I,0.941,0.4804132837431277,g=Delta/Delta_c,1.0,,,0.16258811206509494
b,I,0.942,0.479653936916661,g=Delta/Delta_c,1.0,,,0.16258811206509494
b,I,0.943,0.47889390802712617,g=Delta/Delta_c,1.0,,,0.16258811206509494
b,I,0.944,0.4781331974552204,g=Delta/Delta_c,1.0,,,0.16258811206509494
b,I,0.945,0.4773718055819074,g=Delta/Delta_c,1.0,,,0.16258811206509494
b,I,0.946,0.47660973278840485,g=Delta/Delta_c,1.0,,,0.16258811206509494
b,I,0.946666666667,0.4761013061585274,g=Delta/Delta_c,1.0,,,0.16258811206509494
b,I,0.947,0.4758469794561884,g=Delta/Delta_c,1.0,,,0.16258811206509494
b,I,0.948,0.475083545966997,g=Delta/Delta_c,1.0,,,0.16258811206509494
b,I,0.949,0.47431943270282,g=Delta/Delta_c,1.0,,,0.16258811206509494
b,I,0.95,0.4735546400459109,g=Delta/Delta_c,1.0,,,0.16258811206509494
b,I,0.951,0.47278916837876944,g=Delta/Delta_c,1.0,,,0.16258811206509494
b,I,0.952,0.4720230180841573,g=Delta/Delta_c,1.0,,,0.16258811206509494
b,I,0.953,0.47125618954508625,g=Delta/Delta_c,1.0,,,0.16258811206509494
b,I,0.953333333333,0.47100042937756437,g=Delta/Delta_c,1.0,,,0.16258811206509494
b,I,0.954,0.4704886831448233,g=Delta/Delta_c,1.0,,,0.16258811206509494
b,I,0.955,0.46972049926688547,g=Delta/Delta_c,1.0,,,0.16258811206509494
b,I,0.956,0.4689516382950443,g=Delta/Delta_c,1.0,,,0.16258811206509494
b,I,0.957,0.4681821006133207,g=Delta/Delta_c,1.0,,,0.16258811206509494
b,I,0.958,0.46741188660598576,g=Delta/Delta_c,1.0,,,0.16258811206509494
b,I,0.959,0.46664099665755815,g=Delta/Delta_c,1.0,,,0.16258811206509494
b,I,0.96,0.4658694311528094,g=Delta/Delta_c,1.0,,,0.16258811206509494
b,I,0.961,0.4650971904767546,g=Delta/Delta_c,1.0,,,0.16258811206509494
b,I,0.962,0.46432427501465673,g=Delta/Delta_c,1.0,,,0.16258811206509494
b,I,0.963,0.4635506851520264,g=Delta/Delta_c,1.0,,,0.16258811206509494
b,I,0.964,0.4627764212746188,g=Delta/Delta_c,1.0,,,0.16258811206509494
b,I,0.965,0.4620014837684334,g=Delta/Delta_c,1.0,,,0.16258811206509494
b,I,0.966,0.4612258730197136,g=Delta/Delta_c,1.0,,,0.16258811206509494
b,I,0.966666666667,0.4607084253541929,g=Delta/Delta_c,1.0,,,0.16258811206509494
b,I,0.967,0.46044958941494585,g=Delta/Delta_c,1.0,,,0.16258811206509494
b,I,0.968,0.4596726333408592,g=Delta/Delta_c,1.0,,,0.16258811206509494
b,I,0.969,0.4588950051844239,g=Delta/Delta_c,1.0,,,0.16258811206509494
b,I,0.97,0.4581167053328494,g=Delta/Delta_c,1.0,,,0.16258811206509494
b,I,0.971,0.4573377341735881,g=Delta/Delta_c,1.0,,,0.16258811206509494
b,I,0.972,0.45655809209432907,g=Delta/Delta_c,1.0,,,0.16258811206509494
b,I,0.973,0.4557777794830015,g=Delta/Delta_c,1.0,,,0.16258811206509494
b,I,0.973333333333,0.45551752633944237,g=Delta/Delta_c,1.0,,,0.16258811206509494
b,I,0.974,0.45499679672776955,g=Delta/Delta_c,1.0,,,0.16258811206509494
b,I,0.975,0.45421514421703585,g=Delta/Delta_c,1.0,,,0.16258811206509494
b,I,0.976,0.4534328223394394,g=Delta/Delta_c,1.0,,,0.16258811206509494
b,I,0.977,0.45264983148385146,g=Delta/Delta_c,1.0,,,0.16258811206509494
b,I,0.978,0.45186617203938195,g=Delta/Delta_c,1.0,,,0.16258811206509494
b,I,0.979,0.4510818443953708,g=Delta/Delta_c,1.0,,,0.16258811206509494
b,I,0.98,0.4502968489413922,g=Delta/Delta_c,1.0,,,0.16258811206509494
b,I,0.981,0.4495111860672519,g=Delta/Delta_c,1.0,,,0.16258811206509494
b,I,0.982,0.44872485616298574,g=Delta/Delta_c,1.0,,,0.16258811206509494
b,I,0.983,0.447937859618861,g=Delta/Delta_c,1.0,,,0.16258811206509494
b,I,0.984,0.4471501968253746,g=Delta/Delta_c,1.0,,,0.16258811206509494
b,I,0.985,0.4463618681732531,g=Delta/Delta_c,1.0,,,0.16258811206509494
b,I,0.986,0.4455728740534472,g=Delta/Delta_c,1.0,,,0.16258811206509494
b,I,0.986666666667,0.4450465084622108,g=Delta/Delta_c,1.0,,,0.16258811206509494
b,I,0.987,0.4447832148571381,g=Delta/Delta_c,1.0,,,0.16258811206509494
b,I,0.988,0.44399289097573247,g=Delta/Delta_c,1.0,,,0.16258811206509494
b,I,0.989,0.44320190280086164,g=Delta/Delta_c,1.0,,,0.16258811206509494
b,I,0.99,0.44241025072438267,g=Delta/Delta_c,1.0,,,0.16258811206509494
b,I,0.991,0.4416179351383758,g=Delta/Delta_c,1.0,,,0.16258811206509494
b,I,0.992,0.44082495643514297,g=Delta/Delta_c,1.0,,,0.16258811206509494
b,I,0.993,0.44003131500721177,g=Delta/Delta_c,1.0,,,0.16258811206509494
b,I,0.993333333333,0.4397666206605538,g=Delta/Delta_c,1.0,,,0.16258811206509494
b,I,0.994,0.4392370112473284,g=Delta/Delta_c,1.0,,,0.16258811206509494
b,I,0.995,0.43844204554845956,g=Delta/Delta_c,1.0,,,0.16258811206509494
b,I,0.996,0.43764641830378925,g=Delta/Delta_c,1.0,,,0.16258811206509494
b,I,0.997,0.43685012990624733,g=Delta/Delta_c,1.0,,,0.16258811206509494
b,I,0.998,0.43605318071026083,g=Delta/Delta_c,1.0,,,0.16258811206509494
b,I,0.999,0.4352555687124986,g=Delta/Delta_c,1.0,,,0.16258811206509494
b,I,1.0,0.4344573017507524,g=Delta/Delta_c,1.0,,,0.16258811206509494
b,I,1.001,0.4336598415859796,g=Delta/Delta_c,1.0,,,0.16258811206509494
b,I,1.002,0.43286464216609766,g=Delta/Delta_c,1.0,,,0.16258811206509494
b,I,1.003,0.4320716997658127,g=Delta/Delta_c,1.0,,,0.16258811206509494
b,I,1.004,0.43128100083982157,g=Delta/Delta_c,1.0,,,0.16258811206509494
b,I,1.005,0.4304925343085624,g=Delta/Delta_c,1.0,,,0.16258811206509494
b,I,1.006,0.4297062892200682,g=Delta/Delta_c,1.0,,,0.16258811206509494
b,I,1.006666666667,0.4291833545934051,g=Delta/Delta_c,1.0,,,0.16258811206509494
b,I,1.007,0.42892225470938594,g=Delta/Delta_c,1.0,,,0.16258811206509494
b,I,1.008,0.428140419997158,g=Delta/Delta_c,1.0,,,0.16258811206509494
b,I,1.009,0.4273607743887142,g=Delta/Delta_c,1.0,,,0.16258811206509494
b,I,1.01,0.4265833072731793,g=Delta/Delta_c,1.0,,,0.16258811206509494
b,I,1.011,0.4258080081225903,g=Delta/Delta_c,1.0,,,0.16258811206509494
b,I,1.012,0.42503486649103067,g=Delta/Delta_c,1.0,,,0.16258811206509494
b,I,1.013,0.42426387201376653,g=Delta/Delta_c,1.0,,,0.16258811206509494
b,I,1.013333333333,0.4240073492204854,g=Delta/Delta_c,1.0,,,0.16258811206509494
b,I,1.014,0.4234950144063994,g=Delta/Delta_c,1.0,,,0.16258811206509494
b,I,1.015,0.42272828346403074,g=Delta/Delta_c,1.0,,,0.16258811206509494
b,I,1.016,0.4219636690604313,g=Delta/Delta_c,1.0,,,0.16258811206509494
b,I,1.017,0.42120116114722345,g=Delta/Delta_c,1.0,,,0.16258811206509494
b,I,1.018,0.42044074975307677,g=Delta/Delta_c,1.0,,,0.16258811206509494
b,I,1.019,0.41968242498290786,g=Delta/Delta_c,1.0,,,0.16258811206509494
b,I,1.02,0.41892617701709406,g=Delta/Delta_c,1.0,,,0.16258811206509494
b,I,1.021,0.41817199611069533,g=Delta/Delta_c,1.0,,,0.16258811206509494
b,I,1.022,0.4174198725926863,g=Delta/Delta_c,1.0,,,0.16258811206509494
b,I,1.023,0.41666979686519606,g=Delta/Delta_c,1.0,,,0.16258811206509494
b,I,1.024,0.4159217594027615,g=Delta/Delta_c,1.0,,,0.16258811206509494
b,I,1.025,0.4151757507515831,g=Delta/Delta_c,1.0,,,0.16258811206509494
b,I,1.026,0.41443176152879757,g=Delta/Delta_c,1.0,,,0.16258811206509494
b,I,1.026666666667,0.4139368860163142,g=Delta/Delta_c,1.0,,,0.16258811206509494
b,I,1.027,0.4136897824217531,g=Delta/Delta_c,1.0,,,0.16258811206509494
b,I,1.028,0.4129498041872971,g=Delta/Delta_c,1.0,,,0.16258811206509494
b,I,1.029,0.4122118176510719,g=Delta/Delta_c,1.0,,,0.16258811206509494
b,I,1.03,0.411475813706817,g=Delta/Delta_c,1.0,,,0.16258811206509494
b,I,1.031,0.41074178331568145,g=Delta/Delta_c,1.0,,,0.16258811206509494
b,I,1.032,0.41000971750554804,g=Delta/Delta_c,1.0,,,0.16258811206509494
b,I,1.033,0.40927960737035807,g=Delta/Delta_c,1.0,,,0.16258811206509494
b,I,1.033333333333,0.4090366703900826,g=Delta/Delta_c,1.0,,,0.16258811206509494
b,I,1.034,0.40855144406945054,g=Delta/Delta_c,1.0,,,0.16258811206509494
b,I,1.035,0.40782521882691,g=Delta/Delta_c,1.0,,,0.16258811206509494
b,I,1.036,0.4071009229309139,g=Delta/Delta_c,1.0,,,0.16258811206509494
b,I,1.037,0.40637854773309595,g=Delta/Delta_c,1.0,,,0.16258811206509494
b,I,1.038,0.4056580846479183,g=Delta/Delta_c,1.0,,,0.16258811206509494
b,I,1.039,0.40493952515204523,g=Delta/Delta_c,1.0,,,0.16258811206509494
b,I,1.04,0.4042228607837248,g=Delta/Delta_c,1.0,,,0.16258811206509494
b,I,1.041,0.4035080831421835,g=Delta/Delta_c,1.0,,,0.16258811206509494
b,I,1.042,0.4027951838870247,g=Delta/Delta_c,1.0,,,0.16258811206509494
b,I,1.043,0.4020841547376316,g=Delta/Delta_c,1.0,,,0.16258811206509494
b,I,1.044,0.4013749874725828,g=Delta/Delta_c,1.0,,,0.16258811206509494
b,I,1.045,0.40066767392907243,g=Delta/Delta_c,1.0,,,0.16258811206509494
b,I,1.046,0.39996220600233495,g=Delta/Delta_c,1.0,,,0.16258811206509494
b,I,1.046666666667,0.3994929154172764,g=Delta/Delta_c,1.0,,,0.16258811206509494
b,I,1.047,0.39925857564508155,g=Delta/Delta_c,1.0,,,0.16258811206509494
b,I,1.048,0.39855677486693647,g=Delta/Delta_c,1.0,,,0.16258811206509494
b,I,1.049,0.39785679573389104,g=Delta/Delta_c,1.0,,,0.16258811206509494
b,I,1.05,0.3971586303677482,g=Delta/Delta_c,1.0,,,0.16258811206509494
b,I,1.051,0.3964622709455919,g=Delta/Delta_c,1.0,,,0.16258811206509494
b,I,1.052,0.39576770969924774,g=Delta/Delta_c,1.0,,,0.16258811206509494
b,I,1.053,0.3950749389147583,g=Delta/Delta_c,1.0,,,0.16258811206509494
b,I,1.053333333333,0.3948444118750374,g=Delta/Delta_c,1.0,,,0.16258811206509494
b,I,1.054,0.3943839509318599,g=Delta/Delta_c,1.0,,,0.16258811206509494
b,I,1.055,0.3936947381434721,g=Delta/Delta_c,1.0,,,0.16258811206509494
b,I,1.056,0.3930072929951838,g=Delta/Delta_c,1.0,,,0.16258811206509494
b,I,1.057,0.39232160798475546,g=Delta/Delta_c,1.0,,,0.16258811206509494
b,I,1.058,0.39163767566161883,g=Delta/Delta_c,1.0,,,0.16258811206509494
b,I,1.059,0.39095548862638657,g=Delta/Delta_c,1.0,,,0.16258811206509494
b,I,1.06,0.39027503953036835,g=Delta/Delta_c,1.0,,,0.16258811206509494
b,I,1.066666666667,0.3857825925569519,g=Delta/Delta_c,1.0,,,0.16258811206509494
b,I,1.073333333333,0.38136496346405985,g=Delta/Delta_c,1.0,,,0.16258811206509494
b,I,1.08,0.3770201371168559,g=Delta/Delta_c,1.0,,,0.16258811206509494
b,I,1.086666666667,0.3727461852060773,g=Delta/Delta_c,1.0,,,0.16258811206509494
b,I,1.093333333333,0.36854126111754815,g=Delta/Delta_c,1.0,,,0.16258811206509494
b,I,1.1,0.3644035951735613,g=Delta/Delta_c,1.0,,,0.16258811206509494
b,I,1.106666666667,0.3603314902204997,g=Delta/Delta_c,1.0,,,0.16258811206509494
b,I,1.113333333333,0.3563233175231298,g=Delta/Delta_c,1.0,,,0.16258811206509494
b,I,1.12,0.3523775129458229,g=Delta/Delta_c,1.0,,,0.16258811206509494
b,I,1.126666666667,0.3484925734025699,g=Delta/Delta_c,1.0,,,0.16258811206509494
b,I,1.133333333333,0.34466705354376836,g=Delta/Delta_c,1.0,,,0.16258811206509494
b,I,1.14,0.34089956266608284,g=Delta/Delta_c,1.0,,,0.16258811206509494
b,I,1.146666666667,0.33718876183276214,g=Delta/Delta_c,1.0,,,0.16258811206509494
b,I,1.153333333333,0.3335333611780686,g=Delta/Delta_c,1.0,,,0.16258811206509494
b,I,1.16,0.329932117386554,g=Delta/Delta_c,1.0,,,0.16258811206509494
b,I,1.166666666667,0.32638383133859,g=Delta/Delta_c,1.0,,,0.16258811206509494
b,I,1.173333333333,0.3228873459001095,g=Delta/Delta_c,1.0,,,0.16258811206509494
b,I,1.18,0.31944154385051177,g=Delta/Delta_c,1.0,,,0.16258811206509494
b,I,1.186666666667,0.3160453459431116,g=Delta/Delta_c,1.0,,,0.16258811206509494
b,I,1.193333333333,0.312697709079328,g=Delta/Delta_c,1.0,,,0.16258811206509494
b,I,1.2,0.30939762459296144,g=Delta/Delta_c,1.0,,,0.16258811206509494
b,I,1.206666666667,0.3061441166410574,g=Delta/Delta_c,1.0,,,0.16258811206509494
b,I,1.213333333333,0.3029362406851069,g=Delta/Delta_c,1.0,,,0.16258811206509494
b,I,1.22,0.2997730820606414,g=Delta/Delta_c,1.0,,,0.16258811206509494
b,I,1.226666666667,0.2966537546332953,g=Delta/Delta_c,1.0,,,0.16258811206509494
b,I,1.233333333333,0.29357739952707,g=Delta/Delta_c,1.0,,,0.16258811206509494
b,I,1.24,0.29054318392411016,g=Delta/Delta_c,1.0,,,0.16258811206509494
b,I,1.246666666667,0.28755029993521763,g=Delta/Delta_c,1.0,,,0.16258811206509494
b,I,1.253333333333,0.2845979635284118,g=Delta/Delta_c,1.0,,,0.16258811206509494
b,I,1.26,0.28168541351575654,g=Delta/Delta_c,1.0,,,0.16258811206509494
b,I,1.266666666667,0.2788119105985343,g=Delta/Delta_c,1.0,,,0.16258811206509494
b,I,1.273333333333,0.27597673645932647,g=Delta/Delta_c,1.0,,,0.16258811206509494
b,I,1.28,0.2731791929018975,g=Delta/Delta_c,1.0,,,0.16258811206509494
b,I,1.286666666667,0.270418601039578,g=Delta/Delta_c,1.0,,,0.16258811206509494
b,I,1.293333333333,0.26769430052174026,g=Delta/Delta_c,1.0,,,0.16258811206509494
b,I,1.3,0.26500564879973604,g=Delta/Delta_c,1.0,,,0.16258811206509494
b,I,1.306666666667,0.26235202043346284,g=Delta/Delta_c,1.0,,,0.16258811206509494
b,I,1.313333333333,0.2597328064289805,g=Delta/Delta_c,1.0,,,0.16258811206509494
b,I,1.32,0.2571474136089104,g=Delta/Delta_c,1.0,,,0.16258811206509494
b,I,1.326666666667,0.2545952640171134,g=Delta/Delta_c,1.0,,,0.16258811206509494
b,I,1.333333333333,0.25207579434877075,g=Delta/Delta_c,1.0,,,0.16258811206509494
b,I,1.34,0.24958845540785557,g=Delta/Delta_c,1.0,,,0.16258811206509494
b,I,1.346666666667,0.24713271159371603,g=Delta/Delta_c,1.0,,,0.16258811206509494
b,I,1.353333333333,0.24470804040851749,g=Delta/Delta_c,1.0,,,0.16258811206509494
b,I,1.36,0.24231393198768114,g=Delta/Delta_c,1.0,,,0.16258811206509494
b,I,1.366666666667,0.23994988865522096,g=Delta/Delta_c,1.0,,,0.16258811206509494
b,I,1.373333333333,0.23761542449623566,g=Delta/Delta_c,1.0,,,0.16258811206509494
b,I,1.38,0.23531006494881865,g=Delta/Delta_c,1.0,,,0.16258811206509494
b,I,1.386666666667,0.2330333464173969,g=Delta/Delta_c,1.0,,,0.16258811206509494
b,I,1.393333333333,0.23078481590019279,g=Delta/Delta_c,1.0,,,0.16258811206509494
b,I,1.4,0.22856403063317662,g=Delta/Delta_c,1.0,,,0.16258811206509494
b,I,1.406666666667,0.22637055775254858,g=Delta/Delta_c,1.0,,,0.16258811206509494
b,I,1.413333333333,0.22420397396889247,g=Delta/Delta_c,1.0,,,0.16258811206509494
b,I,1.42,0.22206386525536342,g=Delta/Delta_c,1.0,,,0.16258811206509494
b,I,1.426666666667,0.21994982655202167,g=Delta/Delta_c,1.0,,,0.16258811206509494
b,I,1.433333333333,0.21786146147979074,g=Delta/Delta_c,1.0,,,0.16258811206509494
b,I,1.44,0.21579838206643173,g=Delta/Delta_c,1.0,,,0.16258811206509494
b,I,1.446666666667,0.21376020848664476,g=Delta/Delta_c,1.0,,,0.16258811206509494
b,I,1.453333333333,0.21174656881011936,g=Delta/Delta_c,1.0,,,0.16258811206509494
b,I,1.46,0.20975709875989815,g=Delta/Delta_c,1.0,,,0.16258811206509494
b,I,1.466666666667,0.20779144148318354,g=Delta/Delta_c,1.0,,,0.16258811206509494
b,I,1.473333333333,0.2058492473286882,g=Delta/Delta_c,1.0,,,0.16258811206509494
b,I,1.48,0.20393017363287666,g=Delta/Delta_c,1.0,,,0.16258811206509494
b,I,1.486666666667,0.20203388451722104,g=Delta/Delta_c,1.0,,,0.16258811206509494
b,I,1.493333333333,0.2001600506908286,g=Delta/Delta_c,1.0,,,0.16258811206509494
b,I,1.5,0.19830834926076513,g=Delta/Delta_c,1.0,,,0.16258811206509494
b,U,0.5,0.6524323140095978,g=Delta/Delta_c,1.0,,,0.16258811206509494
b,U,0.506666666667,0.6497130736516616,g=Delta/Delta_c,1.0,,,0.16258811206509494
b,U,0.513333333333,0.6469669978613525,g=Delta/Delta_c,1.0,,,0.16258811206509494
b,U,0.52,0.6441944785592141,g=Delta/Delta_c,1.0,,,0.16258811206509494
b,U,0.526666666667,0.6413959140030061,g=Delta/Delta_c,1.0,,,0.16258811206509494
b,U,0.533333333333,0.6385717087652079,g=Delta/Delta_c,1.0,,,0.16258811206509494
b,U,0.54,0.6357222737055818,g=Delta/Delta_c,1.0,,,0.16258811206509494
b,U,0.546666666667,0.6328480259425374,g=Delta/Delta_c,1.0,,,0.16258811206509494
b,U,0.553333333333,0.6299493888155094,g=Delta/Delta_c,1.0,,,0.16258811206509494
b,U,0.56,0.6270267918419329,g=Delta/Delta_c,1.0,,,0.16258811206509494
b,U,0.566666666667,0.6240806706726612,g=Delta/Delta_c,1.0,,,0.16258811206509494
b,U,0.573333333333,0.6211114670378418,g=Delta/Delta_c,1.0,,,0.16258811206509494
b,U,0.58,0.6181196286869651,g=Delta/Delta_c,1.0,,,0.16258811206509494
b,U,0.586666666667,0.615105609327013,g=Delta/Delta_c,1.0,,,0.16258811206509494
b,U,0.593333333333,0.6120698685505759,g=Delta/Delta_c,1.0,,,0.16258811206509494
b,U,0.6,0.6090128717577561,g=Delta/Delta_c,1.0,,,0.16258811206509494
b,U,0.606666666667,0.605935090075883,g=Delta/Delta_c,1.0,,,0.16258811206509494
b,U,0.613333333333,0.6028370002687662,g=Delta/Delta_c,1.0,,,0.16258811206509494
b,U,0.62,0.5997190846394048,g=Delta/Delta_c,1.0,,,0.16258811206509494
b,U,0.626666666667,0.5965818309302948,g=Delta/Delta_c,1.0,,,0.16258811206509494
b,U,0.633333333333,0.5934257322129193,g=Delta/Delta_c,1.0,,,0.16258811206509494
b,U,0.64,0.5902512867704315,g=Delta/Delta_c,1.0,,,0.16258811206509494
b,U,0.646666666667,0.5870589979778303,g=Delta/Delta_c,1.0,,,0.16258811206509494
b,U,0.653333333333,0.5838493741710097,g=Delta/Delta_c,1.0,,,0.16258811206509494
b,U,0.66,0.5806229285088944,g=Delta/Delta_c,1.0,,,0.16258811206509494
b,U,0.666666666667,0.5773801788329787,g=Delta/Delta_c,1.0,,,0.16258811206509494
b,U,0.673333333333,0.5741216475156273,g=Delta/Delta_c,1.0,,,0.16258811206509494
b,U,0.68,0.5708478613013819,g=Delta/Delta_c,1.0,,,0.16258811206509494
b,U,0.686666666667,0.5675593511457627,g=Delta/Delta_c,1.0,,,0.16258811206509494
b,U,0.693333333333,0.5642566520427746,g=Delta/Delta_c,1.0,,,0.16258811206509494
b,U,0.7,0.5609403028455259,g=Delta/Delta_c,1.0,,,0.16258811206509494
b,U,0.706666666667,0.5576108460845028,g=Delta/Delta_c,1.0,,,0.16258811206509494
b,U,0.713333333333,0.5542688277746646,g=Delta/Delta_c,1.0,,,0.16258811206509494
b,U,0.72,0.5509147972158746,g=Delta/Delta_c,1.0,,,0.16258811206509494
b,U,0.726666666667,0.5475493067912801,g=Delta/Delta_c,1.0,,,0.16258811206509494
b,U,0.733333333333,0.5441729117547849,g=Delta/Delta_c,1.0,,,0.16258811206509494
b,U,0.74,0.5407861700122021,g=Delta/Delta_c,1.0,,,0.16258811206509494
b,U,0.746666666667,0.537389641900825,g=Delta/Delta_c,1.0,,,0.16258811206509494
b,U,0.753333333333,0.5339838899584799,g=Delta/Delta_c,1.0,,,0.16258811206509494
b,U,0.76,0.5305694786867821,g=Delta/Delta_c,1.0,,,0.16258811206509494
b,U,0.766666666667,0.5271469743133909,g=Delta/Delta_c,1.0,,,0.16258811206509494
b,U,0.773333333333,0.5237169445443349,g=Delta/Delta_c,1.0,,,0.16258811206509494
b,U,0.78,0.5202799583111553,g=Delta/Delta_c,1.0,,,0.16258811206509494
b,U,0.786666666667,0.5168365855178425,g=Delta/Delta_c,1.0,,,0.16258811206509494
b,U,0.793333333333,0.5133873967785043,g=Delta/Delta_c,1.0,,,0.16258811206509494
b,U,0.8,0.5099329631507078,g=Delta/Delta_c,1.0,,,0.16258811206509494
b,U,0.806666666667,0.506473855869448,g=Delta/Delta_c,1.0,,,0.16258811206509494
b,U,0.813333333333,0.503010646072748,g=Delta/Delta_c,1.0,,,0.16258811206509494
b,U,0.82,0.49954390452385045,g=Delta/Delta_c,1.0,,,0.16258811206509494
b,U,0.826666666667,0.4960742013350518,g=Delta/Delta_c,1.0,,,0.16258811206509494
b,U,0.833333333333,0.49260210568416424,g=Delta/Delta_c,1.0,,,0.16258811206509494
b,U,0.84,0.48912818552863785,g=Delta/Delta_c,1.0,,,0.16258811206509494
b,U,0.846666666667,0.4856530073224394,g=Delta/Delta_c,1.0,,,0.16258811206509494
b,U,0.853333333333,0.48217713572667353,g=Delta/Delta_c,1.0,,,0.16258811206509494
b,U,0.86,0.4787011333190436,g=Delta/Delta_c,1.0,,,0.16258811206509494
b,U,0.866666666667,0.4752255603072628,g=Delta/Delta_c,1.0,,,0.16258811206509494
b,U,0.873333333333,0.47175097423742524,g=Delta/Delta_c,1.0,,,0.16258811206509494
b,U,0.88,0.46827792970247994,g=Delta/Delta_c,1.0,,,0.16258811206509494
b,U,0.886666666667,0.46480697805589904,g=Delta/Delta_c,1.0,,,0.16258811206509494
b,U,0.893333333333,0.4613386671216129,g=Delta/Delta_c,1.0,,,0.16258811206509494
b,U,0.9,0.4578735409053312,g=Delta/Delta_c,1.0,,,0.16258811206509494
b,U,0.906666666667,0.4544121393123739,g=Delta/Delta_c,1.0,,,0.16258811206509494
b,U,0.913333333333,0.45095499786308413,g=Delta/Delta_c,1.0,,,0.16258811206509494
b,U,0.92,0.44750264741094914,g=Delta/Delta_c,1.0,,,0.16258811206509494
b,U,0.926666666667,0.4440556138685328,g=Delta/Delta_c,1.0,,,0.16258811206509494
b,U,0.933333333333,0.44061441793232076,g=Delta/Delta_c,1.0,,,0.16258811206509494
b,U,0.94,0.43717957481157527,g=Delta/Delta_c,1.0,,,0.16258811206509494
b,U,0.941,0.43666492784253574,g=Delta/Delta_c,1.0,,,0.16258811206509494
b,U,0.942,0.4361504369936845,g=Delta/Delta_c,1.0,,,0.16258811206509494
b,U,0.943,0.4356361039699322,g=Delta/Delta_c,1.0,,,0.16258811206509494
b,U,0.944,0.43512193047310516,g=Delta/Delta_c,1.0,,,0.16258811206509494
b,U,0.945,0.4346079182019283,g=Delta/Delta_c,1.0,,,0.16258811206509494
b,U,0.946,0.4340940688520057,g=Delta/Delta_c,1.0,,,0.16258811206509494
b,U,0.946666666667,0.43375159396627466,g=Delta/Delta_c,1.0,,,0.16258811206509494
b,U,0.947,0.4335803841157995,g=Delta/Delta_c,1.0,,,0.16258811206509494
b,U,0.948,0.433066865682613,g=Delta/Delta_c,1.0,,,0.16258811206509494
b,U,0.949,0.43255351523856994,g=Delta/Delta_c,1.0,,,0.16258811206509494
b,U,0.95,0.4320403344665966,g=Delta/Delta_c,1.0,,,0.16258811206509494
b,U,0.951,0.43152732504640035,g=Delta/Delta_c,1.0,,,0.16258811206509494
b,U,0.952,0.43101448865445263,g=Delta/Delta_c,1.0,,,0.16258811206509494
b,U,0.953,0.43050182696397293,g=Delta/Delta_c,1.0,,,0.16258811206509494
b,U,0.953333333333,0.430330978845258,g=Delta/Delta_c,1.0,,,0.16258811206509494
b,U,0.954,0.42998934164490166,g=Delta/Delta_c,1.0,,,0.16258811206509494
b,U,0.955,0.4294770343638906,g=Delta/Delta_c,1.0,,,0.16258811206509494
b,U,0.956,0.4289649067842778,g=Delta/Delta_c,1.0,,,0.16258811206509494
b,U,0.957,0.42845296056607196,g=Delta/Delta_c,1.0,,,0.16258811206509494
b,U,0.958,0.4279411973659338,g=Delta/Delta_c,1.0,,,0.16258811206509494
b,U,0.959,0.4274296188371549,g=Delta/Delta_c,1.0,,,0.16258811206509494
b,U,0.96,0.426918226629644,g=Delta/Delta_c,1.0,,,0.16258811206509494
b,U,0.961,0.4264070223899036,g=Delta/Delta_c,1.0,,,0.16258811206509494
b,U,0.962,0.4258960077610149,g=Delta/Delta_c,1.0,,,0.16258811206509494
b,U,0.963,0.42538518438261813,g=Delta/Delta_c,1.0,,,0.16258811206509494
b,U,0.964,0.4248745538908959,g=Delta/Delta_c,1.0,,,0.16258811206509494
b,U,0.965,0.42436411791855355,g=Delta/Delta_c,1.0,,,0.16258811206509494
b,U,0.966,0.4238538780948022,g=Delta/Delta_c,1.0,,,0.16258811206509494
b,U,0.966666666667,0.42351382798653014,g=Delta/Delta_c,1.0,,,0.16258811206509494
b,U,0.967,0.4233438360453402,g=Delta/Delta_c,1.0,,,0.16258811206509494
b,U,0.968,0.4228339933923356,g=Delta/Delta_c,1.0,,,0.16258811206509494
b,U,0.969,0.42232435175440836,g=Delta/Delta_c,1.0,,,0.16258811206509494
b,U,0.97,0.42181491274661304,g=Delta/Delta_c,1.0,,,0.16258811206509494
b,U,0.971,0.4213056779804205,g=Delta/Delta_c,1.0,,,0.16258811206509494
b,U,0.972,0.4207966490637006,g=Delta/Delta_c,1.0,,,0.16258811206509494
b,U,0.973,0.4202878276007046,g=Delta/Delta_c,1.0,,,0.16258811206509494
b,U,0.973333333333,0.42011826682412456,g=Delta/Delta_c,1.0,,,0.16258811206509494
b,U,0.974,0.4197792151920494,g=Delta/Delta_c,1.0,,,0.16258811206509494
b,U,0.975,0.41927081343469724,g=Delta/Delta_c,1.0,,,0.16258811206509494
b,U,0.976,0.418762623921942,g=Delta/Delta_c,1.0,,,0.16258811206509494
b,U,0.977,0.41825464824339004,g=Delta/Delta_c,1.0,,,0.16258811206509494
b,U,0.978,0.41774688798494014,g=Delta/Delta_c,1.0,,,0.16258811206509494
b,U,0.979,0.41723934472877516,g=Delta/Delta_c,1.0,,,0.16258811206509494
b,U,0.98,0.41673202005333637,g=Delta/Delta_c,1.0,,,0.16258811206509494
b,U,0.981,0.4162249155333111,g=Delta/Delta_c,1.0,,,0.16258811206509494
b,U,0.982,0.4157180327396144,g=Delta/Delta_c,1.0,,,0.16258811206509494
b,U,0.983,0.41521137323937474,g=Delta/Delta_c,1.0,,,0.16258811206509494
b,U,0.984,0.4147049385959143,g=Delta/Delta_c,1.0,,,0.16258811206509494
b,U,0.985,0.4141987303687348,g=Delta/Delta_c,1.0,,,0.16258811206509494
b,U,0.986,0.4136927501135008,g=Delta/Delta_c,1.0,,,0.16258811206509494
b,U,0.986666666667,0.41335555736074187,g=Delta/Delta_c,1.0,,,0.16258811206509494
b,U,0.987,0.4131869993820212,g=Delta/Delta_c,1.0,,,0.16258811206509494
b,U,0.988,0.41268147972223984,g=Delta/Delta_c,1.0,,,0.16258811206509494
b,U,0.989,0.41217619267820643,g=Delta/Delta_c,1.0,,,0.16258811206509494
b,U,0.99,0.4116711397900781,g=Delta/Delta_c,1.0,,,0.16258811206509494
b,U,0.991,0.4111663225940862,g=Delta/Delta_c,1.0,,,0.16258811206509494
b,U,0.992,0.41066174262253274,g=Delta/Delta_c,1.0,,,0.16258811206509494
b,U,0.993,0.4101574014037688,g=Delta/Delta_c,1.0,,,0.16258811206509494
b,U,0.993333333333,0.40998934098411305,g=Delta/Delta_c,1.0,,,0.16258811206509494
b,U,0.994,0.40965330046218035,g=Delta/Delta_c,1.0,,,0.16258811206509494
b,U,0.995,0.40914944131817355,g=Delta/Delta_c,1.0,,,0.16258811206509494
b,U,0.996,0.4086458254881575,g=Delta/Delta_c,1.0,,,0.16258811206509494
b,U,0.997,0.4081424544845296,g=Delta/Delta_c,1.0,,,0.16258811206509494
b,U,0.998,0.4076393298156608,g=Delta/Delta_c,1.0,,,0.16258811206509494
b,U,0.999,0.40713645298588247,g=Delta/Delta_c,1.0,,,0.16258811206509494
b,U,1.0,0.4066338254954664,g=Delta/Delta_c,1.0,,,0.16258811206509494
b,U,1.001,0.4061314488406126,g=Delta/Delta_c,1.0,,,0.16258811206509494
b,U,1.002,0.40562932451343364,g=Delta/Delta_c,1.0,,,0.16258811206509494
b,U,1.003,0.4051274540019433,g=Delta/Delta_c,1.0,,,0.16258811206509494
b,U,1.004,0.40462583879003466,g=Delta/Delta_c,1.0,,,0.16258811206509494
b,U,1.005,0.40412448035747645,g=Delta/Delta_c,1.0,,,0.16258811206509494
b,U,1.006,0.40362338017988464,g=Delta/Delta_c,1.0,,,0.16258811206509494
b,U,1.006666666667,0.40328945759645657,g=Delta/Delta_c,1.0,,,0.16258811206509494
b,U,1.007,0.4031225397287205,g=Delta/Delta_c,1.0,,,0.16258811206509494
b,U,1.008,0.40262196047126836,g=Delta/Delta_c,1.0,,,0.16258811206509494
b,U,1.009,0.402121643870627,g=Delta/Delta_c,1.0,,,0.16258811206509494
b,U,1.01,0.4016215913856876,g=Delta/Delta_c,1.0,,,0.16258811206509494
b,U,1.011,0.4011218044711313,g=Delta/Delta_c,1.0,,,0.16258811206509494
b,U,1.012,0.40062228457740556,g=Delta/Delta_c,1.0,,,0.16258811206509494
b,U,1.013,0.40012303315071274,g=Delta/Delta_c,1.0,,,0.16258811206509494
b,U,1.013333333333,0.3999566759173372,g=Delta/Delta_c,1.0,,,0.16258811206509494
b,U,1.014,0.39962405163299985,g=Delta/Delta_c,1.0,,,0.16258811206509494
b,U,1.015,0.3991253414619399,g=Delta/Delta_c,1.0,,,0.16258811206509494
b,U,1.016,0.39862690407092444,g=Delta/Delta_c,1.0,,,0.16258811206509494
b,U,1.017,0.3981287408890399,g=Delta/Delta_c,1.0,,,0.16258811206509494
b,U,1.018,0.39763085334107023,g=Delta/Delta_c,1.0,,,0.16258811206509494
b,U,1.019,0.39713324284746737,g=Delta/Delta_c,1.0,,,0.16258811206509494
b,U,1.02,0.3966359108243474,g=Delta/Delta_c,1.0,,,0.16258811206509494
b,U,1.021,0.39613885868347687,g=Delta/Delta_c,1.0,,,0.16258811206509494
b,U,1.022,0.39564208783225635,g=Delta/Delta_c,1.0,,,0.16258811206509494
b,U,1.023,0.39514559967371016,g=Delta/Delta_c,1.0,,,0.16258811206509494
b,U,1.024,0.3946493956064759,g=Delta/Delta_c,1.0,,,0.16258811206509494
b,U,1.025,0.3941534770247849,g=Delta/Delta_c,1.0,,,0.16258811206509494
b,U,1.026,0.3936578453184563,g=Delta/Delta_c,1.0,,,0.16258811206509494
b,U,1.026666666667,0.39332758424026865,g=Delta/Delta_c,1.0,,,0.16258811206509494
b,U,1.027,0.3931625018728849,g=Delta/Delta_c,1.0,,,0.16258811206509494
b,U,1.028,0.3926674480690223,g=Delta/Delta_c,1.0,,,0.16258811206509494
b,U,1.029,0.3921726852833707,g=Delta/Delta_c,1.0,,,0.16258811206509494
b,U,1.03,0.3916782148879702,g=Delta/Delta_c,1.0,,,0.16258811206509494
b,U,1.031,0.39118403825038434,g=Delta/Delta_c,1.0,,,0.16258811206509494
b,U,1.032,0.39069015673369056,g=Delta/Delta_c,1.0,,,0.16258811206509494
b,U,1.033,0.3901965716964667,g=Delta/Delta_c,1.0,,,0.16258811206509494
b,U,1.033333333333,0.3900321094693831,g=Delta/Delta_c,1.0,,,0.16258811206509494
b,U,1.034,0.3897032844927814,g=Delta/Delta_c,1.0,,,0.16258811206509494
b,U,1.035,0.389210296472181,g=Delta/Delta_c,1.0,,,0.16258811206509494
b,U,1.036,0.38871760897967816,g=Delta/Delta_c,1.0,,,0.16258811206509494
b,U,1.037,0.38822522335574144,g=Delta/Delta_c,1.0,,,0.16258811206509494
b,U,1.038,0.38773314093628464,g=Delta/Delta_c,1.0,,,0.16258811206509494
b,U,1.039,0.3872413630526538,g=Delta/Delta_c,1.0,,,0.16258811206509494
b,U,1.04,0.3867498910316167,g=Delta/Delta_c,1.0,,,0.16258811206509494
b,U,1.041,0.38625872619535445,g=Delta/Delta_c,1.0,,,0.16258811206509494
b,U,1.042,0.38576786986144723,g=Delta/Delta_c,1.0,,,0.16258811206509494
b,U,1.043,0.38527732334286663,g=Delta/Delta_c,1.0,,,0.16258811206509494
b,U,1.044,0.3847870879479624,g=Delta/Delta_c,1.0,,,0.16258811206509494
b,U,1.045,0.3842971649804546,g=Delta/Delta_c,1.0,,,0.16258811206509494
b,U,1.046,0.38380755573942116,g=Delta/Delta_c,1.0,,,0.16258811206509494
b,U,1.046666666667,0.38348132451047034,g=Delta/Delta_c,1.0,,,0.16258811206509494
b,U,1.047,0.38331826151929005,g=Delta/Delta_c,1.0,,,0.16258811206509494
b,U,1.048,0.3828292836098265,g=Delta/Delta_c,1.0,,,0.16258811206509494
b,U,1.049,0.3823406232961264,g=Delta/Delta_c,1.0,,,0.16258811206509494
b,U,1.05,0.3818522818586012,g=Delta/Delta_c,1.0,,,0.16258811206509494
b,U,1.051,0.3813642605729749,g=Delta/Delta_c,1.0,,,0.16258811206509494
b,U,1.052,0.3808765607102683,g=Delta/Delta_c,1.0,,,0.16258811206509494
b,U,1.053,0.38038918353679346,g=Delta/Delta_c,1.0,,,0.16258811206509494
b,U,1.053333333333,0.3802267964060383,g=Delta/Delta_c,1.0,,,0.16258811206509494
b,U,1.054,0.3799021303141433,g=Delta/Delta_c,1.0,,,0.16258811206509494
b,U,1.055,0.37941540229918097,g=Delta/Delta_c,1.0,,,0.16258811206509494
b,U,1.056,0.37892900074403235,g=Delta/Delta_c,1.0,,,0.16258811206509494
b,U,1.057,0.37844292689607606,g=Delta/Delta_c,1.0,,,0.16258811206509494
b,U,1.058,0.3779571819979365,g=Delta/Delta_c,1.0,,,0.16258811206509494
b,U,1.059,0.37747176728746923,g=Delta/Delta_c,1.0,,,0.16258811206509494
b,U,1.06,0.3769866839977613,g=Delta/Delta_c,1.0,,,0.16258811206509494
b,U,1.066666666667,0.3737613552214114,g=Delta/Delta_c,1.0,,,0.16258811206509494
b,U,1.073333333333,0.37055116855164383,g=Delta/Delta_c,1.0,,,0.16258811206509494
b,U,1.08,0.3673564728946477,g=Delta/Delta_c,1.0,,,0.16258811206509494
b,U,1.086666666667,0.36417760749525974,g=Delta/Delta_c,1.0,,,0.16258811206509494
b,U,1.093333333333,0.3610149018499288,g=Delta/Delta_c,1.0,,,0.16258811206509494
b,U,1.1,0.35786867562995,g=Delta/Delta_c,1.0,,,0.16258811206509494
b,U,1.106666666667,0.35473923861917545,g=Delta/Delta_c,1.0,,,0.16258811206509494
b,U,1.113333333333,0.35162689065767627,g=Delta/Delta_c,1.0,,,0.16258811206509494
b,U,1.12,0.3485319215956243,g=Delta/Delta_c,1.0,,,0.16258811206509494
b,U,1.126666666667,0.34545461126148613,g=Delta/Delta_c,1.0,,,0.16258811206509494
b,U,1.133333333333,0.34239522943606465,g=Delta/Delta_c,1.0,,,0.16258811206509494
b,U,1.14,0.33935403583651735,g=Delta/Delta_c,1.0,,,0.16258811206509494
b,U,1.146666666667,0.3363312801143492,g=Delta/Delta_c,1.0,,,0.16258811206509494
b,U,1.153333333333,0.3333272018589421,g=Delta/Delta_c,1.0,,,0.16258811206509494
b,U,1.16,0.3303420306106805,g=Delta/Delta_c,1.0,,,0.16258811206509494
b,U,1.166666666667,0.32737598588749656,g=Delta/Delta_c,1.0,,,0.16258811206509494
b,U,1.173333333333,0.3244292772165184,g=Delta/Delta_c,1.0,,,0.16258811206509494
b,U,1.18,0.3215021041747579,g=Delta/Delta_c,1.0,,,0.16258811206509494
b,U,1.186666666667,0.31859465644251034,g=Delta/Delta_c,1.0,,,0.16258811206509494
b,U,1.193333333333,0.3157071138612973,g=Delta/Delta_c,1.0,,,0.16258811206509494
b,U,1.2,0.31283964650013907,g=Delta/Delta_c,1.0,,,0.16258811206509494
b,U,1.206666666667,0.30999241473372946,g=Delta/Delta_c,1.0,,,0.16258811206509494
b,U,1.213333333333,0.307165569324456,g=Delta/Delta_c,1.0,,,0.16258811206509494
b,U,1.22,0.3043592515119483,g=Delta/Delta_c,1.0,,,0.16258811206509494
b,U,1.226666666667,0.30157359311361226,g=Delta/Delta_c,1.0,,,0.16258811206509494
b,U,1.233333333333,0.29880871662822756,g=Delta/Delta_c,1.0,,,0.16258811206509494
b,U,1.24,0.29606473534618793,g=Delta/Delta_c,1.0,,,0.16258811206509494
b,U,1.246666666667,0.2933417534697421,g=Delta/Delta_c,1.0,,,0.16258811206509494
b,U,1.253333333333,0.2906398662354562,g=Delta/Delta_c,1.0,,,0.16258811206509494
b,U,1.26,0.28795916004237754,g=Delta/Delta_c,1.0,,,0.16258811206509494
b,U,1.266666666667,0.28529971258917536,g=Delta/Delta_c,1.0,,,0.16258811206509494
b,U,1.273333333333,0.2826615930126158,g=Delta/Delta_c,1.0,,,0.16258811206509494
b,U,1.28,0.2800448620307954,g=Delta/Delta_c,1.0,,,0.16258811206509494
b,U,1.286666666667,0.27744957209427595,g=Delta/Delta_c,1.0,,,0.16258811206509494
b,U,1.293333333333,0.27487576753769183,g=Delta/Delta_c,1.0,,,0.16258811206509494
b,U,1.3,0.2723234847351442,g=Delta/Delta_c,1.0,,,0.16258811206509494
b,U,1.306666666667,0.26979275226245003,g=Delta/Delta_c,1.0,,,0.16258811206509494
b,U,1.313333333333,0.2672835910590041,g=Delta/Delta_c,1.0,,,0.16258811206509494
b,U,1.32,0.26479601459247254,g=Delta/Delta_c,1.0,,,0.16258811206509494
b,U,1.326666666667,0.26233002902934527,g=Delta/Delta_c,1.0,,,0.16258811206509494
b,U,1.333333333333,0.2598856334042444,g=Delta/Delta_c,1.0,,,0.16258811206509494
b,U,1.34,0.2574628197911902,g=Delta/Delta_c,1.0,,,0.16258811206509494
b,U,1.346666666667,0.2550615734797251,g=Delta/Delta_c,1.0,,,0.16258811206509494
b,U,1.353333333333,0.2526818731490464,g=Delta/Delta_c,1.0,,,0.16258811206509494
b,U,1.36,0.2503236910432199,g=Delta/Delta_c,1.0,,,0.16258811206509494
b,U,1.366666666667,0.24798699315037073,g=Delta/Delta_c,1.0,,,0.16258811206509494
b,U,1.373333333333,0.24567173937914585,g=Delta/Delta_c,1.0,,,0.16258811206509494
b,U,1.38,0.24337788373549882,g=Delta/Delta_c,1.0,,,0.16258811206509494
b,U,1.386666666667,0.24110537450259703,g=Delta/Delta_c,1.0,,,0.16258811206509494
b,U,1.393333333333,0.23885415441738062,g=Delta/Delta_c,1.0,,,0.16258811206509494
b,U,1.4,0.23662416084672855,g=Delta/Delta_c,1.0,,,0.16258811206509494
b,U,1.406666666667,0.23441532596600287,g=Delta/Delta_c,1.0,,,0.16258811206509494
b,U,1.413333333333,0.23222757693367616,g=Delta/Delta_c,1.0,,,0.16258811206509494
b,U,1.42,0.2300608360649632,g=Delta/Delta_c,1.0,,,0.16258811206509494
b,U,1.426666666667,0.227915021007144,g=Delta/Delta_c,1.0,,,0.16258811206509494
b,U,1.433333333333,0.2257900449105108,g=Delta/Delta_c,1.0,,,0.16258811206509494
b,U,1.44,0.2236858165977811,g=Delta/Delta_c,1.0,,,0.16258811206509494
b,U,1.446666666667,0.22160224073462192,g=Delta/Delta_c,1.0,,,0.16258811206509494
b,U,1.453333333333,0.2195392179954085,g=Delta/Delta_c,1.0,,,0.16258811206509494
b,U,1.46,0.2174966452270012,g=Delta/Delta_c,1.0,,,0.16258811206509494
b,U,1.466666666667,0.2154744156131455,g=Delta/Delta_c,1.0,,,0.16258811206509494
b,U,1.473333333333,0.2134724188337882,g=Delta/Delta_c,1.0,,,0.16258811206509494
b,U,1.48,0.21149054122206473,g=Delta/Delta_c,1.0,,,0.16258811206509494
b,U,1.486666666667,0.20952866592148153,g=Delta/Delta_c,1.0,,,0.16258811206509494
b,U,1.493333333333,0.20758667303780162,g=Delta/Delta_c,1.0,,,0.16258811206509494
b,U,1.5,0.2056644397883102,g=Delta/Delta_c,1.0,,,0.16258811206509494
c,M,0.9,0.9766886802599161,g=Delta/Delta_c,1.0,,0.005,0.16258811206509494
c,M,0.901,0.980233511288672,g=Delta/Delta_c,1.0,,0.005,0.16258811206509494
c,M,0.902,0.9838165765384435,g=Delta/Delta_c,1.0,,0.005,0.16258811206509494
c,M,0.903,0.9874387045094589,g=Delta/Delta_c,1.0,,0.005,0.16258811206509494
c,M,0.904,0.9911007500616084,g=Delta/Delta_c,1.0,,0.005,0.16258811206509494
c,M,0.905,0.9948035955349129,g=Delta/Delta_c,1.0,,0.005,0.16258811206509494
c,M,0.906,0.9985481519326804,g=Delta/Delta_c,1.0,,0.005,0.16258811206509494
c,M,0.907,1.0023353601675589,g=Delta/Delta_c,1.0,,0.005,0.16258811206509494
c,M,0.908,1.0061661923761127,g=Delta/Delta_c,1.0,,0.005,0.16258811206509494
c,M,0.909,1.0100416533060304,g=Delta/Delta_c,1.0,,0.005,0.16258811206509494
c,M,0.91,1.0139627817815224,g=Delta/Delta_c,1.0,,0.005,0.16258811206509494
c,M,0.911,1.017930652251296,g=Delta/Delta_c,1.0,,0.005,0.16258811206509494
c,M,0.912,1.0219463764243495,g=Delta/Delta_c,1.0,,0.005,0.16258811206509494
c,M,0.913,1.0260111050028426,g=Delta/Delta_c,1.0,,0.005,0.16258811206509494
c,M,0.914,1.030126029514167,g=Delta/Delta_c,1.0,,0.005,0.16258811206509494
c,M,0.915,1.0342923842527572,g=Delta/Delta_c,1.0,,0.005,0.16258811206509494
c,M,0.916,1.0385114483379612,g=Delta/Delta_c,1.0,,0.005,0.16258811206509494
c,M,0.917,1.0427845478977746,g=Delta/Delta_c,1.0,,0.005,0.16258811206509494
c,M,0.918,1.0471130583858501,g=Delta/Delta_c,1.0,,0.005,0.16258811206509494
c,M,0.919,1.0514984070425857,g=Delta/Delta_c,1.0,,0.005,0.16258811206509494
c,M,0.92,1.0559420755122784,g=Delta/Delta_c,1.0,,0.005,0.16258811206509494
c,M,0.921,1.0604456026266,g=Delta/Delta_c,1.0,,0.005,0.16258811206509494
c,M,0.922,1.0650105873680724,g=Delta/Delta_c,1.0,,0.005,0.16258811206509494
c,M,0.923,1.0696386920273406,g=Delta/Delta_c,1.0,,0.005,0.16258811206509494
c,M,0.924,1.0743316455703793,g=Delta/Delta_c,1.0,,0.005,0.16258811206509494
c,M,0.925,1.0790912472320602,g=Delta/Delta_c,1.0,,0.005,0.16258811206509494
c,M,0.926,1.083919370354078,g=Delta/Delta_c,1.0,,0.005,0.16258811206509494
c,M,0.927,1.0888179664883537,g=Delta/Delta_c,1.0,,0.005,0.16258811206509494
c,M,0.928,1.0937890697877486,g=Delta/Delta_c,1.0,,0.005,0.16258811206509494
c,M,0.929,1.0988348017090817,g=Delta/Delta_c,1.0,,0.005,0.16258811206509494
c,M,0.93,1.1039573760547723,g=Delta/Delta_c,1.0,,0.005,0.16258811206509494
c,M,0.931,1.109159104382346,g=Delta/Delta_c,1.0,,0.005,0.16258811206509494
c,M,0.932,1.1144424018172636,g=Delta/Delta_c,1.0,,0.005,0.16258811206509494
c,M,0.933,1.1198097933016762,g=Delta/Delta_c,1.0,,0.005,0.16258811206509494
c,M,0.934,1.1252639203212826,g=Delta/Delta_c,1.0,,0.005,0.16258811206509494
c,M,0.935,1.1308075481556479,g=Delta/Delta_c,1.0,,0.005,0.16258811206509494
c,M,0.936,1.1364435736995897,g=Delta/Delta_c,1.0,,0.005,0.16258811206509494
c,M,0.937,1.1421750339117513,g=Delta/Delta_c,1.0,,0.005,0.16258811206509494
c,M,0.938,1.1480051149502157,g=Delta/Delta_c,1.0,,0.005,0.16258811206509494
c,M,0.939,1.1539371620672814,g=Delta/Delta_c,1.0,,0.005,0.16258811206509494
c,M,0.94,1.1599746903341492,g=Delta/Delta_c,1.0,,0.005,0.16258811206509494
c,M,0.941,1.1661213962866628,g=Delta/Delta_c,1.0,,0.005,0.16258811206509494
c,M,0.942,1.1723811705847649,g=Delta/Delta_c,1.0,,0.005,0.16258811206509494
c,M,0.943,1.1787581117951738,g=Delta/Delta_c,1.0,,0.005,0.16258811206509494
c,M,0.944,1.1852565414192056,g=Delta/Delta_c,1.0,,0.005,0.16258811206509494
c,M,0.945,1.191881020301873,g=Delta/Delta_c,1.0,,0.005,0.16258811206509494
c,M,0.946,1.1986363665800455,g=Delta/Delta_c,1.0,,0.005,0.16258811206509494
c,M,0.947,1.2055276753432476,g=Delta/Delta_c,1.0,,0.005,0.16258811206509494
c,M,0.948,1.2125603402121345,g=Delta/Delta_c,1.0,,0.005,0.16258811206509494
c,M,0.949,1.2197400770569555,g=Delta/Delta_c,1.0,,0.005,0.16258811206509494
c,M,0.95,1.227072950123383,g=Delta/Delta_c,1.0,,0.005,0.16258811206509494
c,M,0.951,1.2345654008604934,g=Delta/Delta_c,1.0,,0.005,0.16258811206509494
c,M,0.952,1.2422242797967826,g=Delta/Delta_c,1.0,,0.005,0.16258811206509494
c,M,0.953,1.2500568818585092,g=Delta/Delta_c,1.0,,0.005,0.16258811206509494
c,M,0.954,1.2580709855886636,g=Delta/Delta_c,1.0,,0.005,0.16258811206509494
c,M,0.955,1.2662748967944535,g=Delta/Delta_c,1.0,,0.005,0.16258811206509494
c,M,0.956,1.2746774972419532,g=Delta/Delta_c,1.0,,0.005,0.16258811206509494
c,M,0.957,1.2832882991135455,g=Delta/Delta_c,1.0,,0.005,0.16258811206509494
c,M,0.958,1.2921175060715713,g=Delta/Delta_c,1.0,,0.005,0.16258811206509494
c,M,0.959,1.301176081914931,g=Delta/Delta_c,1.0,,0.005,0.16258811206509494
c,M,0.96,1.3104758279962991,g=Delta/Delta_c,1.0,,0.005,0.16258811206509494
c,M,0.961,1.3200294707811593,g=Delta/Delta_c,1.0,,0.005,0.16258811206509494
c,M,0.962,1.3298507611907615,g=Delta/Delta_c,1.0,,0.005,0.16258811206509494
c,M,0.963,1.339954587697079,g=Delta/Delta_c,1.0,,0.005,0.16258811206509494
c,M,0.964,1.3503571055255987,g=Delta/Delta_c,1.0,,0.005,0.16258811206509494
c,M,0.965,1.3610758848185975,g=Delta/Delta_c,1.0,,0.005,0.16258811206509494
c,M,0.966,1.3721300812125552,g=Delta/Delta_c,1.0,,0.005,0.16258811206509494
c,M,0.967,1.3835406330544113,g=Delta/Delta_c,1.0,,0.005,0.16258811206509494
c,M,0.968,1.3953304904388075,g=Delta/Delta_c,1.0,,0.005,0.16258811206509494
c,M,0.969,1.4075248824765918,g=Delta/Delta_c,1.0,,0.005,0.16258811206509494
c,M,0.97,1.4201516307745885,g=Delta/Delta_c,1.0,,0.005,0.16258811206509494
c,M,0.971,1.4332415191346322,g=Delta/Delta_c,1.0,,0.005,0.16258811206509494
c,M,0.972,1.4468287321273123,g=Delta/Delta_c,1.0,,0.005,0.16258811206509494
c,M,0.973,1.4609513786750816,g=Delta/Delta_c,1.0,,0.005,0.16258811206509494
c,M,0.974,1.4756521214230613,g=Delta/Delta_c,1.0,,0.005,0.16258811206509494
c,M,0.975,1.4909789389032724,g=Delta/Delta_c,1.0,,0.005,0.16258811206509494
c,M,0.976,1.5069860560074184,g=Delta/Delta_c,1.0,,0.005,0.16258811206509494
c,M,0.977,1.5237350900087232,g=Delta/Delta_c,1.0,,0.005,0.16258811206509494
c,M,0.978,1.541296475829131,g=Delta/Delta_c,1.0,,0.005,0.16258811206509494
c,M,0.979,1.5597512576655397,g=Delta/Delta_c,1.0,,0.005,0.16258811206509494
c,M,0.98,1.579193368059773,g=Delta/Delta_c,1.0,,0.005,0.16258811206509494
c,M,0.981,1.5997325657453565,g=Delta/Delta_c,1.0,,0.005,0.16258811206509494
c,M,0.982,1.6214982796314952,g=Delta/Delta_c,1.0,,0.005,0.16258811206509494
c,M,0.983,1.6446447242450346,g=Delta/Delta_c,1.0,,0.005,0.16258811206509494
c,M,0.984,1.6693578403404246,g=Delta/Delta_c,1.0,,0.005,0.16258811206509494
c,M,0.985,1.6958649253702411,g=Delta/Delta_c,1.0,,0.005,0.16258811206509494
c,M,0.986,1.7244483520249607,g=Delta/Delta_c,1.0,,0.005,0.16258811206509494
c,M,0.987,1.7554657308639685,g=Delta/Delta_c,1.0,,0.005,0.16258811206509494
c,M,0.988,1.7893806887170352,g=Delta/Delta_c,1.0,,0.005,0.16258811206509494
c,M,0.989,1.826812113128947,g=Delta/Delta_c,1.0,,0.005,0.16258811206509494
c,M,0.99,1.8686178147564347,g=Delta/Delta_c,1.0,,0.005,0.16258811206509494
c,M,0.991,1.916048445930511,g=Delta/Delta_c,1.0,,0.005,0.16258811206509494
c,M,0.992,1.9710641484586529,g=Delta/Delta_c,1.0,,0.005,0.16258811206509494
c,M,0.993,2.037110922922302,g=Delta/Delta_c,1.0,,0.005,0.16258811206509494
c,M,0.994,2.122041028588944,g=Delta/Delta_c,1.0,,0.005,0.16258811206509494
c,M,0.995,2.2608984999123245,g=Delta/Delta_c,1.0,,0.005,0.16258811206509494
c,M,0.996,2.395200245145215,g=Delta/Delta_c,1.0,,0.005,0.16258811206509494
c,M,0.997,2.4666257441027475,g=Delta/Delta_c,1.0,,0.005,0.16258811206509494
c,M,0.998,2.510074462280943,g=Delta/Delta_c,1.0,,0.005,0.16258811206509494
c,M,0.999,2.532985441042202,g=Delta/Delta_c,1.0,,0.005,0.16258811206509494
c,M,1.0,2.5380727476393155,g=Delta/Delta_c,1.0,,0.005,0.16258811206509494
c,M,1.001,2.5261088849935196,g=Delta/Delta_c,1.0,,0.005,0.16258811206509494
c,M,1.002,2.496390297865338,g=Delta/Delta_c,1.0,,0.005,0.16258811206509494
c,M,1.003,2.446278505451265,g=Delta/Delta_c,1.0,,0.005,0.16258811206509494
c,M,1.004,2.368430614245472,g=Delta/Delta_c,1.0,,0.005,0.16258811206509494
c,M,1.005,2.2280904082137885,g=Delta/Delta_c,1.0,,0.005,0.16258811206509494
c,M,1.006,2.0838443365823807,g=Delta/Delta_c,1.0,,0.005,0.16258811206509494
c,M,1.007,1.9939431604384228,g=Delta/Delta_c,1.0,,0.005,0.16258811206509494
c,M,1.008,1.9232339025362462,g=Delta/Delta_c,1.0,,0.005,0.16258811206509494
c,M,1.009,1.8638039717993296,g=Delta/Delta_c,1.0,,0.005,0.16258811206509494
c,M,1.01,1.8121701263544128,g=Delta/Delta_c,1.0,,0.005,0.16258811206509494
c,M,1.011,1.766345605973223,g=Delta/Delta_c,1.0,,0.005,0.16258811206509494
c,M,1.012,1.7250594668817079,g=Delta/Delta_c,1.0,,0.005,0.16258811206509494
c,M,1.013,1.6874377967820249,g=Delta/Delta_c,1.0,,0.005,0.16258811206509494
c,M,1.014,1.652848558347931,g=Delta/Delta_c,1.0,,0.005,0.16258811206509494
c,M,1.015,1.6208171484781593,g=Delta/Delta_c,1.0,,0.005,0.16258811206509494
c,M,1.016,1.590976635160206,g=Delta/Delta_c,1.0,,0.005,0.16258811206509494
c,M,1.017,1.5630366177857342,g=Delta/Delta_c,1.0,,0.005,0.16258811206509494
c,M,1.018,1.5367628039468586,g=Delta/Delta_c,1.0,,0.005,0.16258811206509494
c,M,1.019,1.5119630975613996,g=Delta/Delta_c,1.0,,0.005,0.16258811206509494
c,M,1.02,1.4884778215455714,g=Delta/Delta_c,1.0,,0.005,0.16258811206509494
c,M,1.021,1.4661726634171108,g=Delta/Delta_c,1.0,,0.005,0.16258811206509494
c,M,1.022,1.4449334701786938,g=Delta/Delta_c,1.0,,0.005,0.16258811206509494
c,M,1.023,1.4246623326099639,g=Delta/Delta_c,1.0,,0.005,0.16258811206509494
c,M,1.024,1.4052745893075964,g=Delta/Delta_c,1.0,,0.005,0.16258811206509494
c,M,1.025,1.386696499988868,g=Delta/Delta_c,1.0,,0.005,0.16258811206509494
c,M,1.026,1.368863414432015,g=Delta/Delta_c,1.0,,0.005,0.16258811206509494
c,M,1.027,1.3517183142585547,g=Delta/Delta_c,1.0,,0.005,0.16258811206509494
c,M,1.028,1.3352106391490952,g=Delta/Delta_c,1.0,,0.005,0.16258811206509494
c,M,1.029,1.319295332803315,g=Delta/Delta_c,1.0,,0.005,0.16258811206509494
c,M,1.03,1.3039320606313314,g=Delta/Delta_c,1.0,,0.005,0.16258811206509494
c,M,1.031,1.28908456305627,g=Delta/Delta_c,1.0,,0.005,0.16258811206509494
c,M,1.032,1.2747201169392315,g=Delta/Delta_c,1.0,,0.005,0.16258811206509494
c,M,1.033,1.2608090839672577,g=Delta/Delta_c,1.0,,0.005,0.16258811206509494
c,M,1.034,1.247324529556814,g=Delta/Delta_c,1.0,,0.005,0.16258811206509494
c,M,1.035,1.2342418993642865,g=Delta/Delta_c,1.0,,0.005,0.16258811206509494
c,M,1.036,1.2215387431903457,g=Delta/Delta_c,1.0,,0.005,0.16258811206509494
c,M,1.037,1.2091944781257384,g=Delta/Delta_c,1.0,,0.005,0.16258811206509494
c,M,1.038,1.1971901843869055,g=Delta/Delta_c,1.0,,0.005,0.16258811206509494
c,M,1.039,1.185508428540925,g=Delta/Delta_c,1.0,,0.005,0.16258811206509494
c,M,1.04,1.174133109795724,g=Delta/Delta_c,1.0,,0.005,0.16258811206509494
c,M,1.041,1.1630493258169585,g=Delta/Delta_c,1.0,,0.005,0.16258811206509494
c,M,1.042,1.1522432551502793,g=Delta/Delta_c,1.0,,0.005,0.16258811206509494
c,M,1.043,1.1417020538277796,g=Delta/Delta_c,1.0,,0.005,0.16258811206509494
c,M,1.044,1.1314137641439148,g=Delta/Delta_c,1.0,,0.005,0.16258811206509494
c,M,1.045,1.1213672339116505,g=Delta/Delta_c,1.0,,0.005,0.16258811206509494
c,M,1.046,1.1115520447768183,g=Delta/Delta_c,1.0,,0.005,0.16258811206509494
c,M,1.047,1.101958448395016,g=Delta/Delta_c,1.0,,0.005,0.16258811206509494
c,M,1.048,1.0925773094508018,g=Delta/Delta_c,1.0,,0.005,0.16258811206509494
c,M,1.049,1.0834000546524543,g=Delta/Delta_c,1.0,,0.005,0.16258811206509494
c,M,1.05,1.074418626964036,g=Delta/Delta_c,1.0,,0.005,0.16258811206509494
c,M,1.051,1.0656254444375348,g=Delta/Delta_c,1.0,,0.005,0.16258811206509494
c,M,1.052,1.0570133630989247,g=Delta/Delta_c,1.0,,0.005,0.16258811206509494
c,M,1.053,1.0485756434161584,g=Delta/Delta_c,1.0,,0.005,0.16258811206509494
c,M,1.054,1.0403059199399864,g=Delta/Delta_c,1.0,,0.005,0.16258811206509494
c,M,1.055,1.0321981737622608,g=Delta/Delta_c,1.0,,0.005,0.16258811206509494
c,M,1.056,1.0242467074824477,g=Delta/Delta_c,1.0,,0.005,0.16258811206509494
c,M,1.057,1.016446122411364,g=Delta/Delta_c,1.0,,0.005,0.16258811206509494
c,M,1.058,1.0087912977749594,g=Delta/Delta_c,1.0,,0.005,0.16258811206509494
c,M,1.059,1.0012773717119916,g=Delta/Delta_c,1.0,,0.005,0.16258811206509494
c,M,1.06,0.993899723880404,g=Delta/Delta_c,1.0,,0.005,0.16258811206509494
c,M,1.061,0.9866539595106335,g=Delta/Delta_c,1.0,,0.005,0.16258811206509494
c,M,1.062,0.9795358947648725,g=Delta/Delta_c,1.0,,0.005,0.16258811206509494
c,M,1.063,0.9725415432749132,g=Delta/Delta_c,1.0,,0.005,0.16258811206509494
c,M,1.064,0.9656671037436777,g=Delta/Delta_c,1.0,,0.005,0.16258811206509494
c,M,1.065,0.9589089485145731,g=Delta/Delta_c,1.0,,0.005,0.16258811206509494
c,M,1.066,0.9522636130156293,g=Delta/Delta_c,1.0,,0.005,0.16258811206509494
c,M,1.067,0.9457277860003455,g=Delta/Delta_c,1.0,,0.005,0.16258811206509494
c,M,1.068,0.9392983005145992,g=Delta/Delta_c,1.0,,0.005,0.16258811206509494
c,M,1.069,0.9329721255232988,g=Delta/Delta_c,1.0,,0.005,0.16258811206509494
c,M,1.07,0.9267463581408958,g=Delta/Delta_c,1.0,,0.005,0.16258811206509494
c,M,1.071,0.9206182164152058,g=Delta/Delta_c,1.0,,0.005,0.16258811206509494
c,M,1.072,0.914585032614395,g=Delta/Delta_c,1.0,,0.005,0.16258811206509494
c,M,1.073,0.9086442469781101,g=Delta/Delta_c,1.0,,0.005,0.16258811206509494
c,M,1.074,0.902793401894739,g=Delta/Delta_c,1.0,,0.005,0.16258811206509494
c,M,1.075,0.8970301364671865,g=Delta/Delta_c,1.0,,0.005,0.16258811206509494
c,M,1.076,0.8913521814401327,g=Delta/Delta_c,1.0,,0.005,0.16258811206509494
c,M,1.077,0.8857573544578491,g=Delta/Delta_c,1.0,,0.005,0.16258811206509494
c,M,1.078,0.8802435556271893,g=Delta/Delta_c,1.0,,0.005,0.16258811206509494
c,M,1.079,0.8748087633629534,g=Delta/Delta_c,1.0,,0.005,0.16258811206509494
c,M,1.08,0.8694510304942784,g=Delta/Delta_c,1.0,,0.005,0.16258811206509494
c,M,1.081,0.8641684806110385,g=Delta/Delta_c,1.0,,0.005,0.16258811206509494
c,M,1.082,0.8589593046351449,g=Delta/Delta_c,1.0,,0.005,0.16258811206509494
c,M,1.083,0.8538217575979631,g=Delta/Delta_c,1.0,,0.005,0.16258811206509494
c,M,1.084,0.8487541556100977,g=Delta/Delta_c,1.0,,0.005,0.16258811206509494
c,M,1.085,0.8437548730100896,g=Delta/Delta_c,1.0,,0.005,0.16258811206509494
c,M,1.086,0.8388223396786699,g=Delta/Delta_c,1.0,,0.005,0.16258811206509494
c,M,1.087,0.8339550385074972,g=Delta/Delta_c,1.0,,0.005,0.16258811206509494
c,M,1.088,0.8291515030123696,g=Delta/Delta_c,1.0,,0.005,0.16258811206509494
c,M,1.089,0.8244103150798662,g=Delta/Delta_c,1.0,,0.005,0.16258811206509494
c,M,1.09,0.8197301028388535,g=Delta/Delta_c,1.0,,0.005,0.16258811206509494
c,M,1.091,0.8151095386504116,g=Delta/Delta_c,1.0,,0.005,0.16258811206509494
c,M,1.092,0.8105473372048752,g=Delta/Delta_c,1.0,,0.005,0.16258811206509494
c,M,1.093,0.80604225372202,g=Delta/Delta_c,1.0,,0.005,0.16258811206509494
c,M,1.094,0.8015930822473328,g=Delta/Delta_c,1.0,,0.005,0.16258811206509494
c,M,1.095,0.7971986540363427,g=Delta/Delta_c,1.0,,0.005,0.16258811206509494
c,M,1.096,0.7928578360242619,g=Delta/Delta_c,1.0,,0.005,0.16258811206509494
c,M,1.097,0.7885695293735584,g=Delta/Delta_c,1.0,,0.005,0.16258811206509494
c,M,1.098,0.7843326680951125,g=Delta/Delta_c,1.0,,0.005,0.16258811206509494
c,M,1.099,0.780146217739489,g=Delta/Delta_c,1.0,,0.005,0.16258811206509494
c,M,1.1,0.7760091741529421,g=Delta/Delta_c,1.0,,0.005,0.16258811206509494
c,I,0.9,0.7307073896563137,g=Delta/Delta_c,1.0,,0.005,0.16258811206509494
c,I,0.901,0.7314050116637338,g=Delta/Delta_c,1.0,,0.005,0.16258811206509494
c,I,0.902,0.7321022644224637,g=Delta/Delta_c,1.0,,0.005,0.16258811206509494
c,I,0.903,0.7327991476416204,g=Delta/Delta_c,1.0,,0.005,0.16258811206509494
c,I,0.904,0.7334956610318485,g=Delta/Delta_c,1.0,,0.005,0.16258811206509494
c,I,0.905,0.7341918043035968,g=Delta/Delta_c,1.0,,0.005,0.16258811206509494
c,I,0.906,0.7348875771687307,g=Delta/Delta_c,1.0,,0.005,0.16258811206509494
c,I,0.907,0.7355829793396021,g=Delta/Delta_c,1.0,,0.005,0.16258811206509494
c,I,0.908,0.7362780105290926,g=Delta/Delta_c,1.0,,0.005,0.16258811206509494
c,I,0.909,0.736972670450945,g=Delta/Delta_c,1.0,,0.005,0.16258811206509494
c,I,0.91,0.7376669588197223,g=Delta/Delta_c,1.0,,0.005,0.16258811206509494
c,I,0.911,0.7383608753502859,g=Delta/Delta_c,1.0,,0.005,0.16258811206509494
c,I,0.912,0.7390544197587434,g=Delta/Delta_c,1.0,,0.005,0.16258811206509494
c,I,0.913,0.7397475917617403,g=Delta/Delta_c,1.0,,0.005,0.16258811206509494
c,I,0.914,0.7404403910764255,g=Delta/Delta_c,1.0,,0.005,0.16258811206509494
c,I,0.915,0.7411328174210746,g=Delta/Delta_c,1.0,,0.005,0.16258811206509494
c,I,0.916,0.7418248705142109,g=Delta/Delta_c,1.0,,0.005,0.16258811206509494
c,I,0.917,0.7425165500754074,g=Delta/Delta_c,1.0,,0.005,0.16258811206509494
c,I,0.918,0.743207855824775,g=Delta/Delta_c,1.0,,0.005,0.16258811206509494
c,I,0.919,0.7438987874835341,g=Delta/Delta_c,1.0,,0.005,0.16258811206509494
c,I,0.92,0.7445893447731271,g=Delta/Delta_c,1.0,,0.005,0.16258811206509494
c,I,0.921,0.7452795274160035,g=Delta/Delta_c,1.0,,0.005,0.16258811206509494
c,I,0.922,0.7459693351351933,g=Delta/Delta_c,1.0,,0.005,0.16258811206509494
c,I,0.923,0.7466587676547848,g=Delta/Delta_c,1.0,,0.005,0.16258811206509494
c,I,0.924,0.7473478246992507,g=Delta/Delta_c,1.0,,0.005,0.16258811206509494
c,I,0.925,0.7480365059939423,g=Delta/Delta_c,1.0,,0.005,0.16258811206509494
c,I,0.926,0.7487248112647921,g=Delta/Delta_c,1.0,,0.005,0.16258811206509494
c,I,0.927,0.7494127402387731,g=Delta/Delta_c,1.0,,0.005,0.16258811206509494
c,I,0.928,0.7501002926434905,g=Delta/Delta_c,1.0,,0.005,0.16258811206509494
c,I,0.929,0.7507874682071213,g=Delta/Delta_c,1.0,,0.005,0.16258811206509494
c,I,0.93,0.7514742666586189,g=Delta/Delta_c,1.0,,0.005,0.16258811206509494
c,I,0.931,0.7521606877279785,g=Delta/Delta_c,1.0,,0.005,0.16258811206509494
c,I,0.932,0.7528467311456474,g=Delta/Delta_c,1.0,,0.005,0.16258811206509494
c,I,0.933,0.753532396642807,g=Delta/Delta_c,1.0,,0.005,0.16258811206509494
c,I,0.934,0.754217683951424,g=Delta/Delta_c,1.0,,0.005,0.16258811206509494
c,I,0.935,0.7549025928042248,g=Delta/Delta_c,1.0,,0.005,0.16258811206509494
c,I,0.936,0.7555871229352417,g=Delta/Delta_c,1.0,,0.005,0.16258811206509494
c,I,0.937,0.7562712740782166,g=Delta/Delta_c,1.0,,0.005,0.16258811206509494
c,I,0.938,0.7569550459682234,g=Delta/Delta_c,1.0,,0.005,0.16258811206509494
c,I,0.939,0.757638438341155,g=Delta/Delta_c,1.0,,0.005,0.16258811206509494
c,I,0.94,0.7583214509334677,g=Delta/Delta_c,1.0,,0.005,0.16258811206509494
c,I,0.941,0.7590040834823352,g=Delta/Delta_c,1.0,,0.005,0.16258811206509494
c,I,0.942,0.7596863357261682,g=Delta/Delta_c,1.0,,0.005,0.16258811206509494
c,I,0.943,0.7603682074033693,g=Delta/Delta_c,1.0,,0.005,0.16258811206509494
c,I,0.944,0.7610496982538775,g=Delta/Delta_c,1.0,,0.005,0.16258811206509494
c,I,0.945,0.7617308080176572,g=Delta/Delta_c,1.0,,0.005,0.16258811206509494
c,I,0.946,0.7624115364358253,g=Delta/Delta_c,1.0,,0.005,0.16258811206509494
c,I,0.947,0.763091883250369,g=Delta/Delta_c,1.0,,0.005,0.16258811206509494
c,I,0.948,0.763771848203993,g=Delta/Delta_c,1.0,,0.005,0.16258811206509494
c,I,0.949,0.7644514310397174,g=Delta/Delta_c,1.0,,0.005,0.16258811206509494
c,I,0.95,0.7651306315021926,g=Delta/Delta_c,1.0,,0.005,0.16258811206509494
c,I,0.951,0.7658094493360523,g=Delta/Delta_c,1.0,,0.005,0.16258811206509494
c,I,0.952,0.7664878842867663,g=Delta/Delta_c,1.0,,0.005,0.16258811206509494
c,I,0.953,0.7671659361011189,g=Delta/Delta_c,1.0,,0.005,0.16258811206509494
c,I,0.954,0.7678436045261848,g=Delta/Delta_c,1.0,,0.005,0.16258811206509494
c,I,0.955,0.7685208893101569,g=Delta/Delta_c,1.0,,0.005,0.16258811206509494
c,I,0.956,0.7691977902014839,g=Delta/Delta_c,1.0,,0.005,0.16258811206509494
c,I,0.957,0.7698743069500572,g=Delta/Delta_c,1.0,,0.005,0.16258811206509494
c,I,0.958,0.7705504393059814,g=Delta/Delta_c,1.0,,0.005,0.16258811206509494
c,I,0.959,0.7712261870204455,g=Delta/Delta_c,1.0,,0.005,0.16258811206509494
c,I,0.96,0.77190154984521,g=Delta/Delta_c,1.0,,0.005,0.16258811206509494
c,I,0.961,0.7725765275330768,g=Delta/Delta_c,1.0,,0.005,0.16258811206509494
c,I,0.962,0.7732511198374881,g=Delta/Delta_c,1.0,,0.005,0.16258811206509494
c,I,0.963,0.7739253265126542,g=Delta/Delta_c,1.0,,0.005,0.16258811206509494
c,I,0.964,0.7745991473134256,g=Delta/Delta_c,1.0,,0.005,0.16258811206509494
c,I,0.965,0.775272581995993,g=Delta/Delta_c,1.0,,0.005,0.16258811206509494
c,I,0.966,0.7759456303166493,g=Delta/Delta_c,1.0,,0.005,0.16258811206509494
c,I,0.967,0.776618292032763,g=Delta/Delta_c,1.0,,0.005,0.16258811206509494
c,I,0.968,0.7772905669024879,g=Delta/Delta_c,1.0,,0.005,0.16258811206509494
c,I,0.969,0.7779624546849251,g=Delta/Delta_c,1.0,,0.005,0.16258811206509494
c,I,0.97,0.7786339551397563,g=Delta/Delta_c,1.0,,0.005,0.16258811206509494
c,I,0.971,0.7793050680274142,g=Delta/Delta_c,1.0,,0.005,0.16258811206509494
c,I,0.972,0.7799757931094413,g=Delta/Delta_c,1.0,,0.005,0.16258811206509494
c,I,0.973,0.7806461301477298,g=Delta/Delta_c,1.0,,0.005,0.16258811206509494
c,I,0.974,0.7813160789053072,g=Delta/Delta_c,1.0,,0.005,0.16258811206509494
c,I,0.975,0.781985639145722,g=Delta/Delta_c,1.0,,0.005,0.16258811206509494
c,I,0.976,0.7826548106336232,g=Delta/Delta_c,1.0,,0.005,0.16258811206509494
c,I,0.977,0.7833235931343345,g=Delta/Delta_c,1.0,,0.005,0.16258811206509494
c,I,0.978,0.7839919864140502,g=Delta/Delta_c,1.0,,0.005,0.16258811206509494
c,I,0.979,0.7846599902394938,g=Delta/Delta_c,1.0,,0.005,0.16258811206509494
c,I,0.98,0.7853276043782764,g=Delta/Delta_c,1.0,,0.005,0.16258811206509494
c,I,0.981,0.7859948285992212,g=Delta/Delta_c,1.0,,0.005,0.16258811206509494
c,I,0.982,0.7866616626713305,g=Delta/Delta_c,1.0,,0.005,0.16258811206509494
c,I,0.983,0.787328106364947,g=Delta/Delta_c,1.0,,0.005,0.16258811206509494
c,I,0.984,0.7879941594509168,g=Delta/Delta_c,1.0,,0.005,0.16258811206509494
c,I,0.985,0.7886598217009566,g=Delta/Delta_c,1.0,,0.005,0.16258811206509494
c,I,0.986,0.789325092887611,g=Delta/Delta_c,1.0,,0.005,0.16258811206509494
c,I,0.987,0.7899899727842784,g=Delta/Delta_c,1.0,,0.005,0.16258811206509494
c,I,0.988,0.7906544611649289,g=Delta/Delta_c,1.0,,0.005,0.16258811206509494
c,I,0.989,0.7913185578046251,g=Delta/Delta_c,1.0,,0.005,0.16258811206509494
c,I,0.99,0.7919822624793517,g=Delta/Delta_c,1.0,,0.005,0.16258811206509494
c,I,0.991,0.7926455749657928,g=Delta/Delta_c,1.0,,0.005,0.16258811206509494
c,I,0.992,0.793308495089081,g=Delta/Delta_c,1.0,,0.005,0.16258811206509494
c,I,0.993,0.7939710265471657,g=Delta/Delta_c,1.0,,0.005,0.16258811206509494
c,I,0.994,0.7946334088363078,g=Delta/Delta_c,1.0,,0.005,0.16258811206509494
c,I,0.995,0.7952948973630207,g=Delta/Delta_c,1.0,,0.005,0.16258811206509494
c,I,0.996,0.7958093552396156,g=Delta/Delta_c,1.0,,0.005,0.16258811206509494
c,I,0.997,0.7960314269045318,g=Delta/Delta_c,1.0,,0.005,0.16258811206509494
c,I,0.998,0.7959615241399018,g=Delta/Delta_c,1.0,,0.005,0.16258811206509494
c,I,0.999,0.7956010407506805,g=Delta/Delta_c,1.0,,0.005,0.16258811206509494
c,I,1.0,0.7949511239897185,g=Delta/Delta_c,1.0,,0.005,0.16258811206509494
c,I,1.001,0.7940129083721044,g=Delta/Delta_c,1.0,,0.005,0.16258811206509494
c,I,1.002,0.7927875196861391,g=Delta/Delta_c,1.0,,0.005,0.16258811206509494
c,I,1.003,0.7912760713102807,g=Delta/Delta_c,1.0,,0.005,0.16258811206509494
c,I,1.004,0.7894794323784344,g=Delta/Delta_c,1.0,,0.005,0.16258811206509494
c,I,1.005,0.7873994477573192,g=Delta/Delta_c,1.0,,0.005,0.16258811206509494
c,I,1.006,0.7851833463389317,g=Delta/Delta_c,1.0,,0.005,0.16258811206509494
c,I,1.007,0.7829775675066993,g=Delta/Delta_c,1.0,,0.005,0.16258811206509494
c,I,1.008,0.7807827752046179,g=Delta/Delta_c,1.0,,0.005,0.16258811206509494
c,I,1.009,0.7785986433422162,g=Delta/Delta_c,1.0,,0.005,0.16258811206509494
c,I,1.01,0.7764250844531638,g=Delta/Delta_c,1.0,,0.005,0.16258811206509494
c,I,1.011,0.7742620159636904,g=Delta/Delta_c,1.0,,0.005,0.16258811206509494
c,I,1.012,0.772109356216248,g=Delta/Delta_c,1.0,,0.005,0.16258811206509494
c,I,1.013,0.769967024408124,g=Delta/Delta_c,1.0,,0.005,0.16258811206509494
c,I,1.014,0.7678349405806353,g=Delta/Delta_c,1.0,,0.005,0.16258811206509494
c,I,1.015,0.7657130256085177,g=Delta/Delta_c,1.0,,0.005,0.16258811206509494
c,I,1.016,0.7636012011894968,g=Delta/Delta_c,1.0,,0.005,0.16258811206509494
c,I,1.017,0.761499389834437,g=Delta/Delta_c,1.0,,0.005,0.16258811206509494
c,I,1.018,0.7594075148570475,g=Delta/Delta_c,1.0,,0.005,0.16258811206509494
c,I,1.019,0.7573255003637943,g=Delta/Delta_c,1.0,,0.005,0.16258811206509494
c,I,1.02,0.7552532712447662,g=Delta/Delta_c,1.0,,0.005,0.16258811206509494
c,I,1.021,0.7531907531633727,g=Delta/Delta_c,1.0,,0.005,0.16258811206509494
c,I,1.022,0.7511378725470405,g=Delta/Delta_c,1.0,,0.005,0.16258811206509494
c,I,1.023,0.749094556577969,g=Delta/Delta_c,1.0,,0.005,0.16258811206509494
c,I,1.024,0.7470607331835967,g=Delta/Delta_c,1.0,,0.005,0.16258811206509494
c,I,1.025,0.7450363310277064,g=Delta/Delta_c,1.0,,0.005,0.16258811206509494
c,I,1.026,0.743021279501387,g=Delta/Delta_c,1.0,,0.005,0.16258811206509494
c,I,1.027,0.7410155087138227,g=Delta/Delta_c,1.0,,0.005,0.16258811206509494
c,I,1.028,0.7390189494838009,g=Delta/Delta_c,1.0,,0.005,0.16258811206509494
c,I,1.029,0.7370315333310905,g=Delta/Delta_c,1.0,,0.005,0.16258811206509494
c,I,1.03,0.7350531924673098,g=Delta/Delta_c,1.0,,0.005,0.16258811206509494
c,I,1.031,0.733083859788372,g=Delta/Delta_c,1.0,,0.005,0.16258811206509494
c,I,1.032,0.7311234688657102,g=Delta/Delta_c,1.0,,0.005,0.16258811206509494
c,I,1.033,0.7291719539378796,g=Delta/Delta_c,1.0,,0.005,0.16258811206509494
c,I,1.034,0.7272292499026695,g=Delta/Delta_c,1.0,,0.005,0.16258811206509494
c,I,1.035,0.7252952923092172,g=Delta/Delta_c,1.0,,0.005,0.16258811206509494
c,I,1.036,0.7233700173497963,g=Delta/Delta_c,1.0,,0.005,0.16258811206509494
c,I,1.037,0.7214533618523402,g=Delta/Delta_c,1.0,,0.005,0.16258811206509494
c,I,1.038,0.7195452632726483,g=Delta/Delta_c,1.0,,0.005,0.16258811206509494
c,I,1.039,0.7176456596867731,g=Delta/Delta_c,1.0,,0.005,0.16258811206509494
c,I,1.04,0.7157544897837557,g=Delta/Delta_c,1.0,,0.005,0.16258811206509494
c,I,1.041,0.7138716928578932,g=Delta/Delta_c,1.0,,0.005,0.16258811206509494
c,I,1.042,0.7119972088014408,g=Delta/Delta_c,1.0,,0.005,0.16258811206509494
c,I,1.043,0.7101309780981837,g=Delta/Delta_c,1.0,,0.005,0.16258811206509494
c,I,1.044,0.7082729418154149,g=Delta/Delta_c,1.0,,0.005,0.16258811206509494
c,I,1.045,0.7064230415976692,g=Delta/Delta_c,1.0,,0.005,0.16258811206509494
c,I,1.046,0.7045812196591611,g=Delta/Delta_c,1.0,,0.005,0.16258811206509494
c,I,1.047,0.7027474187776902,g=Delta/Delta_c,1.0,,0.005,0.16258811206509494
c,I,1.048,0.7009215822873265,g=Delta/Delta_c,1.0,,0.005,0.16258811206509494
c,I,1.049,0.6991036540722902,g=Delta/Delta_c,1.0,,0.005,0.16258811206509494
c,I,1.05,0.6972935785600295,g=Delta/Delta_c,1.0,,0.005,0.16258811206509494
c,I,1.051,0.6954913007151174,g=Delta/Delta_c,1.0,,0.005,0.16258811206509494
c,I,1.052,0.6936967660326117,g=Delta/Delta_c,1.0,,0.005,0.16258811206509494
c,I,1.053,0.6919099205317633,g=Delta/Delta_c,1.0,,0.005,0.16258811206509494
c,I,1.054,0.6901307107504521,g=Delta/Delta_c,1.0,,0.005,0.16258811206509494
c,I,1.055,0.6883590837379822,g=Delta/Delta_c,1.0,,0.005,0.16258811206509494
c,I,1.056,0.6865949870501743,g=Delta/Delta_c,1.0,,0.005,0.16258811206509494
c,I,1.057,0.6848383687428615,g=Delta/Delta_c,1.0,,0.005,0.16258811206509494
c,I,1.058,0.6830891773658123,g=Delta/Delta_c,1.0,,0.005,0.16258811206509494
c,I,1.059,0.6813473619575575,g=Delta/Delta_c,1.0,,0.005,0.16258811206509494
c,I,1.06,0.6796128720393474,g=Delta/Delta_c,1.0,,0.005,0.16258811206509494
c,I,1.061,0.6778856576092623,g=Delta/Delta_c,1.0,,0.005,0.16258811206509494
c,I,1.062,0.6761656691374154,g=Delta/Delta_c,1.0,,0.005,0.16258811206509494
c,I,1.063,0.6744528575597388,g=Delta/Delta_c,1.0,,0.005,0.16258811206509494
c,I,1.064,0.6727471742728242,g=Delta/Delta_c,1.0,,0.005,0.16258811206509494
c,I,1.065,0.671048571128562,g=Delta/Delta_c,1.0,,0.005,0.16258811206509494
c,I,1.066,0.6693570004291824,g=Delta/Delta_c,1.0,,0.005,0.16258811206509494
c,I,1.067,0.6676724149215711,g=Delta/Delta_c,1.0,,0.005,0.16258811206509494
c,I,1.068,0.6659947677925785,g=Delta/Delta_c,1.0,,0.005,0.16258811206509494
c,I,1.069,0.664324012663591,g=Delta/Delta_c,1.0,,0.005,0.16258811206509494
c,I,1.07,0.6626601035858369,g=Delta/Delta_c,1.0,,0.005,0.16258811206509494
c,I,1.071,0.661002995035295,g=Delta/Delta_c,1.0,,0.005,0.16258811206509494
c,I,1.072,0.6593526419079055,g=Delta/Delta_c,1.0,,0.005,0.16258811206509494
c,I,1.073,0.6577089995146245,g=Delta/Delta_c,1.0,,0.005,0.16258811206509494
c,I,1.074,0.6560720235771038,g=Delta/Delta_c,1.0,,0.005,0.16258811206509494
c,I,1.075,0.6544416702226823,g=Delta/Delta_c,1.0,,0.005,0.16258811206509494
c,I,1.076,0.6528178959795276,g=Delta/Delta_c,1.0,,0.005,0.16258811206509494
c,I,1.077,0.6512006577727275,g=Delta/Delta_c,1.0,,0.005,0.16258811206509494
c,I,1.078,0.6495899129195444,g=Delta/Delta_c,1.0,,0.005,0.16258811206509494
c,I,1.079,0.6479856191245835,g=Delta/Delta_c,1.0,,0.005,0.16258811206509494
c,I,1.08,0.6463877344759869,g=Delta/Delta_c,1.0,,0.005,0.16258811206509494
c,I,1.081,0.6447962174410194,g=Delta/Delta_c,1.0,,0.005,0.16258811206509494
c,I,1.082,0.6432110268612988,g=Delta/Delta_c,1.0,,0.005,0.16258811206509494
c,I,1.083,0.641632121949521,g=Delta/Delta_c,1.0,,0.005,0.16258811206509494
c,I,1.084,0.6400594622842413,g=Delta/Delta_c,1.0,,0.005,0.16258811206509494
c,I,1.085,0.6384930078066775,g=Delta/Delta_c,1.0,,0.005,0.16258811206509494
c,I,1.086,0.6369327188162465,g=Delta/Delta_c,1.0,,0.005,0.16258811206509494
c,I,1.087,0.6353785559667093,g=Delta/Delta_c,1.0,,0.005,0.16258811206509494
c,I,1.088,0.6338304802618107,g=Delta/Delta_c,1.0,,0.005,0.16258811206509494
c,I,1.089,0.6322884530523033,g=Delta/Delta_c,1.0,,0.005,0.16258811206509494
c,I,1.09,0.6307524360311559,g=Delta/Delta_c,1.0,,0.005,0.16258811206509494
c,I,1.091,0.6292223912304247,g=Delta/Delta_c,1.0,,0.005,0.16258811206509494
c,I,1.092,0.627698281017233,g=Delta/Delta_c,1.0,,0.005,0.16258811206509494
c,I,1.093,0.6261800680899134,g=Delta/Delta_c,1.0,,0.005,0.16258811206509494
c,I,1.094,0.6246677154749607,g=Delta/Delta_c,1.0,,0.005,0.16258811206509494
c,I,1.095,0.6231611865227803,g=Delta/Delta_c,1.0,,0.005,0.16258811206509494
c,I,1.096,0.6216604449046297,g=Delta/Delta_c,1.0,,0.005,0.16258811206509494
c,I,1.097,0.6201654546085796,g=Delta/Delta_c,1.0,,0.005,0.16258811206509494
c,I,1.098,0.6186761799369591,g=Delta/Delta_c,1.0,,0.005,0.16258811206509494
c,I,1.099,0.6171925855016894,g=Delta/Delta_c,1.0,,0.005,0.16258811206509494
c,I,1.1,0.6157146362222622,g=Delta/Delta_c,1.0,,0.005,0.16258811206509494
c,U,0.9,0.5194954674251709,g=Delta/Delta_c,1.0,,0.005,0.16258811206509494
c,U,0.901,0.5194107573351011,g=Delta/Delta_c,1.0,,0.005,0.16258811206509494
c,U,0.902,0.5193242345500338,g=Delta/Delta_c,1.0,,0.005,0.16258811206509494
c,U,0.903,0.5192359013218859,g=Delta/Delta_c,1.0,,0.005,0.16258811206509494
c,U,0.904,0.5191457599239642,g=Delta/Delta_c,1.0,,0.005,0.16258811206509494
c,U,0.905,0.5190538126509826,g=Delta/Delta_c,1.0,,0.005,0.16258811206509494
c,U,0.906,0.5189600618189686,g=Delta/Delta_c,1.0,,0.005,0.16258811206509494
c,U,0.907,0.5188645097651603,g=Delta/Delta_c,1.0,,0.005,0.16258811206509494
c,U,0.908,0.5187671588476311,g=Delta/Delta_c,1.0,,0.005,0.16258811206509494
c,U,0.909,0.5186680114462713,g=Delta/Delta_c,1.0,,0.005,0.16258811206509494
c,U,0.91,0.5185670699615759,g=Delta/Delta_c,1.0,,0.005,0.16258811206509494
c,U,0.911,0.5184643368154557,g=Delta/Delta_c,1.0,,0.005,0.16258811206509494
c,U,0.912,0.5183598144506484,g=Delta/Delta_c,1.0,,0.005,0.16258811206509494
c,U,0.913,0.5182535053308546,g=Delta/Delta_c,1.0,,0.005,0.16258811206509494
c,U,0.914,0.5181454119412422,g=Delta/Delta_c,1.0,,0.005,0.16258811206509494
c,U,0.915,0.5180355367872252,g=Delta/Delta_c,1.0,,0.005,0.16258811206509494
c,U,0.916,0.5179238823955565,g=Delta/Delta_c,1.0,,0.005,0.16258811206509494
c,U,0.917,0.5178104513136281,g=Delta/Delta_c,1.0,,0.005,0.16258811206509494
c,U,0.918,0.5176952461099403,g=Delta/Delta_c,1.0,,0.005,0.16258811206509494
c,U,0.919,0.5175782693734103,g=Delta/Delta_c,1.0,,0.005,0.16258811206509494
c,U,0.92,0.5174595237138421,g=Delta/Delta_c,1.0,,0.005,0.16258811206509494
c,U,0.921,0.5173390117616185,g=Delta/Delta_c,1.0,,0.005,0.16258811206509494
c,U,0.922,0.5172167361680092,g=Delta/Delta_c,1.0,,0.005,0.16258811206509494
c,U,0.923,0.5170926996046068,g=Delta/Delta_c,1.0,,0.005,0.16258811206509494
c,U,0.924,0.5169669047634723,g=Delta/Delta_c,1.0,,0.005,0.16258811206509494
c,U,0.925,0.5168393543576554,g=Delta/Delta_c,1.0,,0.005,0.16258811206509494
c,U,0.926,0.5167100511199828,g=Delta/Delta_c,1.0,,0.005,0.16258811206509494
c,U,0.927,0.5165789978042531,g=Delta/Delta_c,1.0,,0.005,0.16258811206509494
c,U,0.928,0.5164461971842125,g=Delta/Delta_c,1.0,,0.005,0.16258811206509494
c,U,0.929,0.5163116520540153,g=Delta/Delta_c,1.0,,0.005,0.16258811206509494
c,U,0.93,0.5161753652280627,g=Delta/Delta_c,1.0,,0.005,0.16258811206509494
c,U,0.931,0.5160373395413093,g=Delta/Delta_c,1.0,,0.005,0.16258811206509494
c,U,0.932,0.5158975778481789,g=Delta/Delta_c,1.0,,0.005,0.16258811206509494
c,U,0.933,0.5157560830236837,g=Delta/Delta_c,1.0,,0.005,0.16258811206509494
c,U,0.934,0.5156128579626549,g=Delta/Delta_c,1.0,,0.005,0.16258811206509494
c,U,0.935,0.5154679055797349,g=Delta/Delta_c,1.0,,0.005,0.16258811206509494
c,U,0.936,0.5153212288100345,g=Delta/Delta_c,1.0,,0.005,0.16258811206509494
c,U,0.937,0.5151728306080913,g=Delta/Delta_c,1.0,,0.005,0.16258811206509494
c,U,0.938,0.5150227139482536,g=Delta/Delta_c,1.0,,0.005,0.16258811206509494
c,U,0.939,0.5148708818248776,g=Delta/Delta_c,1.0,,0.005,0.16258811206509494
c,U,0.94,0.5147173372518741,g=Delta/Delta_c,1.0,,0.005,0.16258811206509494
c,U,0.941,0.5145620832625637,g=Delta/Delta_c,1.0,,0.005,0.16258811206509494
c,U,0.942,0.5144051229101207,g=Delta/Delta_c,1.0,,0.005,0.16258811206509494
c,U,0.943,0.5142464592672321,g=Delta/Delta_c,1.0,,0.005,0.16258811206509494
c,U,0.944,0.5140860954260025,g=Delta/Delta_c,1.0,,0.005,0.16258811206509494
c,U,0.945,0.5139240344978616,g=Delta/Delta_c,1.0,,0.005,0.16258811206509494
c,U,0.946,0.5137602796135379,g=Delta/Delta_c,1.0,,0.005,0.16258811206509494
c,U,0.947,0.5135948339231863,g=Delta/Delta_c,1.0,,0.005,0.16258811206509494
c,U,0.948,0.5134277005959285,g=Delta/Delta_c,1.0,,0.005,0.16258811206509494
c,U,0.949,0.5132588828203465,g=Delta/Delta_c,1.0,,0.005,0.16258811206509494
c,U,0.95,0.5130883838037669,g=Delta/Delta_c,1.0,,0.005,0.16258811206509494
c,U,0.951,0.5129162067727892,g=Delta/Delta_c,1.0,,0.005,0.16258811206509494
c,U,0.952,0.5127423549727572,g=Delta/Delta_c,1.0,,0.005,0.16258811206509494
c,U,0.953,0.5125668316679208,g=Delta/Delta_c,1.0,,0.005,0.16258811206509494
c,U,0.954,0.5123896401415047,g=Delta/Delta_c,1.0,,0.005,0.16258811206509494
c,U,0.955,0.5122107836952638,g=Delta/Delta_c,1.0,,0.005,0.16258811206509494
c,U,0.956,0.5120302656496806,g=Delta/Delta_c,1.0,,0.005,0.16258811206509494
c,U,0.957,0.511848089343776,g=Delta/Delta_c,1.0,,0.005,0.16258811206509494
c,U,0.958,0.511664258135478,g=Delta/Delta_c,1.0,,0.005,0.16258811206509494
c,U,0.959,0.511478775400579,g=Delta/Delta_c,1.0,,0.005,0.16258811206509494
c,U,0.96,0.5112916445337095,g=Delta/Delta_c,1.0,,0.005,0.16258811206509494
c,U,0.961,0.511102868947561,g=Delta/Delta_c,1.0,,0.005,0.16258811206509494
c,U,0.962,0.5109124520731769,g=Delta/Delta_c,1.0,,0.005,0.16258811206509494
c,U,0.963,0.510720397359815,g=Delta/Delta_c,1.0,,0.005,0.16258811206509494
c,U,0.964,0.5105267082746581,g=Delta/Delta_c,1.0,,0.005,0.16258811206509494
c,U,0.965,0.510331388303095,g=Delta/Delta_c,1.0,,0.005,0.16258811206509494
c,U,0.966,0.510134440948303,g=Delta/Delta_c,1.0,,0.005,0.16258811206509494
c,U,0.967,0.5099358697314261,g=Delta/Delta_c,1.0,,0.005,0.16258811206509494
c,U,0.968,0.5097356781913543,g=Delta/Delta_c,1.0,,0.005,0.16258811206509494
c,U,0.969,0.5095338698846461,g=Delta/Delta_c,1.0,,0.005,0.16258811206509494
c,U,0.97,0.5093304483856307,g=Delta/Delta_c,1.0,,0.005,0.16258811206509494
c,U,0.971,0.5091254172860159,g=Delta/Delta_c,1.0,,0.005,0.16258811206509494
c,U,0.972,0.5089187801950159,g=Delta/Delta_c,1.0,,0.005,0.16258811206509494
c,U,0.973,0.5087105407395477,g=Delta/Delta_c,1.0,,0.005,0.16258811206509494
c,U,0.974,0.5085007025633174,g=Delta/Delta_c,1.0,,0.005,0.16258811206509494
c,U,0.975,0.5082892693276658,g=Delta/Delta_c,1.0,,0.005,0.16258811206509494
c,U,0.976,0.5080762447109453,g=Delta/Delta_c,1.0,,0.005,0.16258811206509494
c,U,0.977,0.5078616324086215,g=Delta/Delta_c,1.0,,0.005,0.16258811206509494
c,U,0.978,0.507645436132984,g=Delta/Delta_c,1.0,,0.005,0.16258811206509494
c,U,0.979,0.5074276596135129,g=Delta/Delta_c,1.0,,0.005,0.16258811206509494
c,U,0.98,0.507208306596247,g=Delta/Delta_c,1.0,,0.005,0.16258811206509494
c,U,0.981,0.5069873808441174,g=Delta/Delta_c,1.0,,0.005,0.16258811206509494
c,U,0.982,0.506764886136887,g=Delta/Delta_c,1.0,,0.005,0.16258811206509494
c,U,0.983,0.5065408262700327,g=Delta/Delta_c,1.0,,0.005,0.16258811206509494
c,U,0.984,0.5063152050568708,g=Delta/Delta_c,1.0,,0.005,0.16258811206509494
c,U,0.985,0.5060880263258338,g=Delta/Delta_c,1.0,,0.005,0.16258811206509494
c,U,0.986,0.5058592939224854,g=Delta/Delta_c,1.0,,0.005,0.16258811206509494
c,U,0.987,0.5056290117081628,g=Delta/Delta_c,1.0,,0.005,0.16258811206509494
c,U,0.988,0.5053971835605999,g=Delta/Delta_c,1.0,,0.005,0.16258811206509494
c,U,0.989,0.5051638133733984,g=Delta/Delta_c,1.0,,0.005,0.16258811206509494
c,U,0.99,0.5049289050561213,g=Delta/Delta_c,1.0,,0.005,0.16258811206509494
c,U,0.991,0.5046924625343359,g=Delta/Delta_c,1.0,,0.005,0.16258811206509494
c,U,0.992,0.5044544897491525,g=Delta/Delta_c,1.0,,0.005,0.16258811206509494
c,U,0.993,0.5042149906578993,g=Delta/Delta_c,1.0,,0.005,0.16258811206509494
c,U,0.994,0.5039739692323976,g=Delta/Delta_c,1.0,,0.005,0.16258811206509494
c,U,0.995,0.5037314294611641,g=Delta/Delta_c,1.0,,0.005,0.16258811206509494
c,U,0.996,0.503487375347363,g=Delta/Delta_c,1.0,,0.005,0.16258811206509494
c,U,0.997,0.5032418109099146,g=Delta/Delta_c,1.0,,0.005,0.16258811206509494
c,U,0.998,0.5029947401825486,g=Delta/Delta_c,1.0,,0.005,0.16258811206509494
c,U,0.999,0.5027461672145638,g=Delta/Delta_c,1.0,,0.005,0.16258811206509494
c,U,1.0,0.5024960960697091,g=Delta/Delta_c,1.0,,0.005,0.16258811206509494
c,U,1.001,0.5022445308272858,g=Delta/Delta_c,1.0,,0.005,0.16258811206509494
c,U,1.002,0.5019914755809173,g=Delta/Delta_c,1.0,,0.005,0.16258811206509494
c,U,1.003,0.5017369344392498,g=Delta/Delta_c,1.0,,0.005,0.16258811206509494
c,U,1.004,0.5014809115255511,g=Delta/Delta_c,1.0,,0.005,0.16258811206509494
c,U,1.005,0.5012234109778807,g=Delta/Delta_c,1.0,,0.005,0.16258811206509494
c,U,1.006,0.5009644369481261,g=Delta/Delta_c,1.0,,0.005,0.16258811206509494
c,U,1.007,0.5007039936028045,g=Delta/Delta_c,1.0,,0.005,0.16258811206509494
c,U,1.008,0.5004420851230543,g=Delta/Delta_c,1.0,,0.005,0.16258811206509494
c,U,1.009,0.5001787157034836,g=Delta/Delta_c,1.0,,0.005,0.16258811206509494
c,U,1.01,0.49991388955365407,g=Delta/Delta_c,1.0,,0.005,0.16258811206509494
c,U,1.011,0.49964761089601656,g=Delta/Delta_c,1.0,,0.005,0.16258811206509494
c,U,1.012,0.4993798839680613,g=Delta/Delta_c,1.0,,0.005,0.16258811206509494
c,U,1.013,0.4991107130198089,g=Delta/Delta_c,1.0,,0.005,0.16258811206509494
c,U,1.014,0.498840102315961,g=Delta/Delta_c,1.0,,0.005,0.16258811206509494
c,U,1.015,0.4985680561340225,g=Delta/Delta_c,1.0,,0.005,0.16258811206509494
c,U,1.016,0.49829457876544553,g=Delta/Delta_c,1.0,,0.005,0.16258811206509494
c,U,1.017,0.49801967451492074,g=Delta/Delta_c,1.0,,0.005,0.16258811206509494
c,U,1.018,0.49774334770025797,g=Delta/Delta_c,1.0,,0.005,0.16258811206509494
c,U,1.019,0.49746560265239476,g=Delta/Delta_c,1.0,,0.005,0.16258811206509494
c,U,1.02,0.4971864437154987,g=Delta/Delta_c,1.0,,0.005,0.16258811206509494
c,U,1.021,0.4969058752468139,g=Delta/Delta_c,1.0,,0.005,0.16258811206509494
c,U,1.022,0.4966239016155,g=Delta/Delta_c,1.0,,0.005,0.16258811206509494
c,U,1.023,0.4963405272047919,g=Delta/Delta_c,1.0,,0.005,0.16258811206509494
c,U,1.024,0.49605575640966926,g=Delta/Delta_c,1.0,,0.005,0.16258811206509494
c,U,1.025,0.49576959363771883,g=Delta/Delta_c,1.0,,0.005,0.16258811206509494
c,U,1.026,0.49548204330925383,g=Delta/Delta_c,1.0,,0.005,0.16258811206509494
c,U,1.027,0.49519310985658005,g=Delta/Delta_c,1.0,,0.005,0.16258811206509494
c,U,1.028,0.4949027977243455,g=Delta/Delta_c,1.0,,0.005,0.16258811206509494
c,U,1.029,0.4946111113694468,g=Delta/Delta_c,1.0,,0.005,0.16258811206509494
c,U,1.03,0.4943180552603889,g=Delta/Delta_c,1.0,,0.005,0.16258811206509494
c,U,1.031,0.49402363387781434,g=Delta/Delta_c,1.0,,0.005,0.16258811206509494
c,U,1.032,0.49372785171434097,g=Delta/Delta_c,1.0,,0.005,0.16258811206509494
c,U,1.033,0.4934307132737682,g=Delta/Delta_c,1.0,,0.005,0.16258811206509494
c,U,1.034,0.4931322230716917,g=Delta/Delta_c,1.0,,0.005,0.16258811206509494
c,U,1.035,0.4928323856353494,g=Delta/Delta_c,1.0,,0.005,0.16258811206509494
c,U,1.036,0.4925312055029904,g=Delta/Delta_c,1.0,,0.005,0.16258811206509494
c,U,1.037,0.4922286872243352,g=Delta/Delta_c,1.0,,0.005,0.16258811206509494
c,U,1.038,0.4919248353600046,g=Delta/Delta_c,1.0,,0.005,0.16258811206509494
c,U,1.039,0.491619654481903,g=Delta/Delta_c,1.0,,0.005,0.16258811206509494
c,U,1.04,0.49131314917264723,g=Delta/Delta_c,1.0,,0.005,0.16258811206509494
c,U,1.041,0.49100532402569835,g=Delta/Delta_c,1.0,,0.005,0.16258811206509494
c,U,1.042,0.49069618364514,g=Delta/Delta_c,1.0,,0.005,0.16258811206509494
c,U,1.043,0.49038573264581486,g=Delta/Delta_c,1.0,,0.005,0.16258811206509494
c,U,1.044,0.4900739756527357,g=Delta/Delta_c,1.0,,0.005,0.16258811206509494
c,U,1.045,0.4897609173015506,g=Delta/Delta_c,1.0,,0.005,0.16258811206509494
c,U,1.046,0.4894465622379539,g=Delta/Delta_c,1.0,,0.005,0.16258811206509494
c,U,1.047,0.4891309151178913,g=Delta/Delta_c,1.0,,0.005,0.16258811206509494
c,U,1.048,0.4888139806073163,g=Delta/Delta_c,1.0,,0.005,0.16258811206509494
c,U,1.049,0.4884957633819087,g=Delta/Delta_c,1.0,,0.005,0.16258811206509494
c,U,1.05,0.4881762681273562,g=Delta/Delta_c,1.0,,0.005,0.16258811206509494
c,U,1.051,0.4878554995388851,g=Delta/Delta_c,1.0,,0.005,0.16258811206509494
c,U,1.052,0.48753346232139644,g=Delta/Delta_c,1.0,,0.005,0.16258811206509494
c,U,1.053,0.48721016118900157,g=Delta/Delta_c,1.0,,0.005,0.16258811206509494
c,U,1.054,0.4868856008657169,g=Delta/Delta_c,1.0,,0.005,0.16258811206509494
c,U,1.055,0.48655978608398803,g=Delta/Delta_c,1.0,,0.005,0.16258811206509494
c,U,1.056,0.48623272158607195,g=Delta/Delta_c,1.0,,0.005,0.16258811206509494
c,U,1.057,0.48590441212276136,g=Delta/Delta_c,1.0,,0.005,0.16258811206509494
c,U,1.058,0.48557486245402454,g=Delta/Delta_c,1.0,,0.005,0.16258811206509494
c,U,1.059,0.48524407734835684,g=Delta/Delta_c,1.0,,0.005,0.16258811206509494
c,U,1.06,0.4849120615831264,g=Delta/Delta_c,1.0,,0.005,0.16258811206509494
c,U,1.061,0.48457881994404894,g=Delta/Delta_c,1.0,,0.005,0.16258811206509494
c,U,1.062,0.48424435722551246,g=Delta/Delta_c,1.0,,0.005,0.16258811206509494
c,U,1.063,0.4839086782300905,g=Delta/Delta_c,1.0,,0.005,0.16258811206509494
c,U,1.064,0.4835717877683074,g=Delta/Delta_c,1.0,,0.005,0.16258811206509494
c,U,1.065,0.48323369065916766,g=Delta/Delta_c,1.0,,0.005,0.16258811206509494
c,U,1.066,0.48289439172940046,g=Delta/Delta_c,1.0,,0.005,0.16258811206509494
c,U,1.067,0.48255389581379243,g=Delta/Delta_c,1.0,,0.005,0.16258811206509494
c,U,1.068,0.4822122077544879,g=Delta/Delta_c,1.0,,0.005,0.16258811206509494
c,U,1.069,0.48186933240175717,g=Delta/Delta_c,1.0,,0.005,0.16258811206509494
c,U,1.07,0.481525274612942,g=Delta/Delta_c,1.0,,0.005,0.16258811206509494
c,U,1.071,0.4811800392530833,g=Delta/Delta_c,1.0,,0.005,0.16258811206509494
c,U,1.072,0.4808336311941658,g=Delta/Delta_c,1.0,,0.005,0.16258811206509494
c,U,1.073,0.4804860553156854,g=Delta/Delta_c,1.0,,0.005,0.16258811206509494
c,U,1.074,0.4801373165038724,g=Delta/Delta_c,1.0,,0.005,0.16258811206509494
c,U,1.075,0.4797874196521956,g=Delta/Delta_c,1.0,,0.005,0.16258811206509494
c,U,1.076,0.4794363696606446,g=Delta/Delta_c,1.0,,0.005,0.16258811206509494
c,U,1.077,0.47908417143605475,g=Delta/Delta_c,1.0,,0.005,0.16258811206509494
c,U,1.078,0.4787308298917782,g=Delta/Delta_c,1.0,,0.005,0.16258811206509494
c,U,1.079,0.4783763499476967,g=Delta/Delta_c,1.0,,0.005,0.16258811206509494
c,U,1.08,0.4780207365299914,g=Delta/Delta_c,1.0,,0.005,0.16258811206509494
c,U,1.081,0.47766399457098474,g=Delta/Delta_c,1.0,,0.005,0.16258811206509494
c,U,1.082,0.47730612900926417,g=Delta/Delta_c,1.0,,0.005,0.16258811206509494
c,U,1.083,0.4769471447893452,g=Delta/Delta_c,1.0,,0.005,0.16258811206509494
c,U,1.084,0.4765870468616626,g=Delta/Delta_c,1.0,,0.005,0.16258811206509494
c,U,1.085,0.4762258401823402,g=Delta/Delta_c,1.0,,0.005,0.16258811206509494
c,U,1.086,0.47586352971311824,g=Delta/Delta_c,1.0,,0.005,0.16258811206509494
c,U,1.087,0.47550012042131906,g=Delta/Delta_c,1.0,,0.005,0.16258811206509494
c,U,1.088,0.475135617279826,g=Delta/Delta_c,1.0,,0.005,0.16258811206509494
c,U,1.089,0.47477002526654133,g=Delta/Delta_c,1.0,,0.005,0.16258811206509494
c,U,1.09,0.4744033493646295,g=Delta/Delta_c,1.0,,0.005,0.16258811206509494
c,U,1.091,0.4740355945625042,g=Delta/Delta_c,1.0,,0.005,0.16258811206509494
c,U,1.092,0.47366676585332934,g=Delta/Delta_c,1.0,,0.005,0.16258811206509494
c,U,1.093,0.4732968682351979,g=Delta/Delta_c,1.0,,0.005,0.16258811206509494
c,U,1.094,0.47292590671079515,g=Delta/Delta_c,1.0,,0.005,0.16258811206509494
c,U,1.095,0.4725538862874283,g=Delta/Delta_c,1.0,,0.005,0.16258811206509494
c,U,1.096,0.4721808119771502,g=Delta/Delta_c,1.0,,0.005,0.16258811206509494
c,U,1.097,0.4718066887960087,g=Delta/Delta_c,1.0,,0.005,0.16258811206509494
c,U,1.098,0.4714315217643787,g=Delta/Delta_c,1.0,,0.005,0.16258811206509494
c,U,1.099,0.47105531590692884,g=Delta/Delta_c,1.0,,0.005,0.16258811206509494
c,U,1.1,0.47067807625228814,g=Delta/Delta_c,1.0,,0.005,0.16258811206509494
